<?xml version="1.0"?>
<DataProfile xmlns:xsi="http://www.w3.org/2001/XMLSchema-instance" xmlns:xsd="http://www.w3.org/2001/XMLSchema" xmlns="http://schemas.microsoft.com/sqlserver/2008/DataDebugger/">
  <ProfileVersion>1.0</ProfileVersion>
  <DataSources>
    <DtsDataSource ID="{C0C3B521-4F0E-4640-A489-1617473DFD8B}" Name="DataProfiling-dimBranch.xml">
      <DtsConnectionManagerID>DataProfiling-dimBranch.xml</DtsConnectionManagerID>
    </DtsDataSource>
    <DtsDataSource ID="{8A5A672E-C677-4627-B2AC-FB1317B66B7A}" Name="DESKTOP-1ASOIN7.Insurance_DWH">
      <DtsConnectionManagerID>DESKTOP-1ASOIN7.Insurance_DWH</DtsConnectionManagerID>
    </DtsDataSource>
  </DataSources>
  <DataProfileInput>
    <ProfileMode>Exact</ProfileMode>
    <Timeout>0</Timeout>
    <Requests>
      <ColumnNullRatioProfileRequest ID="NullRatioReq">
        <DataSourceID>{8A5A672E-C677-4627-B2AC-FB1317B66B7A}</DataSourceID>
        <Table Schema="dbo" Table="dim_Branch" />
        <Column IsWildCard="true" />
      </ColumnNullRatioProfileRequest>
      <ColumnStatisticsProfileRequest ID="StatisticsReq">
        <DataSourceID>{8A5A672E-C677-4627-B2AC-FB1317B66B7A}</DataSourceID>
        <Table Schema="dbo" Table="dim_Branch" />
        <Column IsWildCard="true" />
      </ColumnStatisticsProfileRequest>
      <ColumnLengthDistributionProfileRequest ID="LengthDistReq">
        <DataSourceID>{8A5A672E-C677-4627-B2AC-FB1317B66B7A}</DataSourceID>
        <Table Schema="dbo" Table="dim_Branch" />
        <Column IsWildCard="true" />
        <IgnoreLeadingSpace>false</IgnoreLeadingSpace>
        <IgnoreTrailingSpace>true</IgnoreTrailingSpace>
      </ColumnLengthDistributionProfileRequest>
      <ColumnValueDistributionProfileRequest ID="ValueDistReq">
        <DataSourceID>{8A5A672E-C677-4627-B2AC-FB1317B66B7A}</DataSourceID>
        <Table Schema="dbo" Table="dim_Branch" />
        <Column IsWildCard="true" />
        <Option>FrequentValues</Option>
        <FrequentValueThreshold>0.001</FrequentValueThreshold>
      </ColumnValueDistributionProfileRequest>
      <CandidateKeyProfileRequest ID="KeyReq">
        <DataSourceID>{8A5A672E-C677-4627-B2AC-FB1317B66B7A}</DataSourceID>
        <Table Schema="dbo" Table="dim_Branch" />
        <KeyColumns>
          <Column IsWildCard="true" />
        </KeyColumns>
        <ThresholdSetting>Specified</ThresholdSetting>
        <KeyStrengthThreshold>0.95</KeyStrengthThreshold>
        <VerifyOutputInFastMode>false</VerifyOutputInFastMode>
        <MaxNumberOfViolations>100</MaxNumberOfViolations>
      </CandidateKeyProfileRequest>
    </Requests>
  </DataProfileInput>
  <DataProfileOutput>
    <Profiles>
      <ColumnNullRatioProfile ProfileRequestID="NullRatioReq" IsExact="true">
        <DataSourceID>{8A5A672E-C677-4627-B2AC-FB1317B66B7A}</DataSourceID>
        <Table DataSource="DESKTOP-1ASOIN7" Database="Insurance_DWH" Schema="dbo" Table="dim_Branch" RowCount="-1" />
        <Column Name="branch_id" SqlDbType="Int" MaxLength="0" Precision="10" Scale="0" LCID="-1" CodePage="0" IsNullable="false" StringCompareOptions="0" />
        <NullCount>0</NullCount>
      </ColumnNullRatioProfile>
      <CandidateKeyProfile IsExact="true" ProfileRequestID="KeyReq">
        <DataSourceID>{8A5A672E-C677-4627-B2AC-FB1317B66B7A}</DataSourceID>
        <Table DataSource="DESKTOP-1ASOIN7" Database="Insurance_DWH" Schema="dbo" Table="dim_Branch" RowCount="-1" />
        <KeyColumns>
          <Column Name="branch_id" SqlDbType="Int" MaxLength="0" Precision="10" Scale="0" LCID="-1" CodePage="0" IsNullable="false" StringCompareOptions="0" />
        </KeyColumns>
        <IsExactKey>true</IsExactKey>
      </CandidateKeyProfile>
      <ColumnNullRatioProfile ProfileRequestID="NullRatioReq" IsExact="true">
        <DataSourceID>{8A5A672E-C677-4627-B2AC-FB1317B66B7A}</DataSourceID>
        <Table DataSource="DESKTOP-1ASOIN7" Database="Insurance_DWH" Schema="dbo" Table="dim_Branch" RowCount="20" />
        <Column Name="branch_code" SqlDbType="VarChar" MaxLength="10" Precision="255" Scale="255" LCID="1033" CodePage="0" IsNullable="true" StringCompareOptions="0" />
        <NullCount>0</NullCount>
      </ColumnNullRatioProfile>
      <ColumnNullRatioProfile ProfileRequestID="NullRatioReq" IsExact="true">
        <DataSourceID>{8A5A672E-C677-4627-B2AC-FB1317B66B7A}</DataSourceID>
        <Table DataSource="DESKTOP-1ASOIN7" Database="Insurance_DWH" Schema="dbo" Table="dim_Branch" RowCount="20" />
        <Column Name="address" SqlDbType="VarChar" MaxLength="50" Precision="255" Scale="255" LCID="1033" CodePage="0" IsNullable="true" StringCompareOptions="0" />
        <NullCount>0</NullCount>
      </ColumnNullRatioProfile>
      <ColumnNullRatioProfile ProfileRequestID="NullRatioReq" IsExact="true">
        <DataSourceID>{8A5A672E-C677-4627-B2AC-FB1317B66B7A}</DataSourceID>
        <Table DataSource="DESKTOP-1ASOIN7" Database="Insurance_DWH" Schema="dbo" Table="dim_Branch" RowCount="20" />
        <Column Name="start_date" SqlDbType="Date" MaxLength="0" Precision="255" Scale="255" LCID="-1" CodePage="0" IsNullable="true" StringCompareOptions="0" />
        <NullCount>0</NullCount>
      </ColumnNullRatioProfile>
      <ColumnNullRatioProfile ProfileRequestID="NullRatioReq" IsExact="true">
        <DataSourceID>{8A5A672E-C677-4627-B2AC-FB1317B66B7A}</DataSourceID>
        <Table DataSource="DESKTOP-1ASOIN7" Database="Insurance_DWH" Schema="dbo" Table="dim_Branch" RowCount="20" />
        <Column Name="end_date" SqlDbType="Date" MaxLength="0" Precision="255" Scale="255" LCID="-1" CodePage="0" IsNullable="true" StringCompareOptions="0" />
        <NullCount>0</NullCount>
      </ColumnNullRatioProfile>
      <ColumnStatisticsProfile IsExact="true" ProfileRequestID="StatisticsReq">
        <DataSourceID>{8A5A672E-C677-4627-B2AC-FB1317B66B7A}</DataSourceID>
        <Table DataSource="DESKTOP-1ASOIN7" Database="Insurance_DWH" Schema="dbo" Table="dim_Branch" RowCount="20" />
        <Column Name="branch_id" SqlDbType="Int" MaxLength="0" Precision="10" Scale="0" LCID="-1" CodePage="0" IsNullable="false" StringCompareOptions="0" />
        <MinValue>1</MinValue>
        <MaxValue>20</MaxValue>
        <Mean>10.5</Mean>
        <StdDev>5.7662812973354</StdDev>
      </ColumnStatisticsProfile>
      <ColumnStatisticsProfile IsExact="true" ProfileRequestID="StatisticsReq">
        <DataSourceID>{8A5A672E-C677-4627-B2AC-FB1317B66B7A}</DataSourceID>
        <Table DataSource="DESKTOP-1ASOIN7" Database="Insurance_DWH" Schema="dbo" Table="dim_Branch" RowCount="20" />
        <Column Name="start_date" SqlDbType="Date" MaxLength="0" Precision="255" Scale="255" LCID="-1" CodePage="0" IsNullable="true" StringCompareOptions="0" />
        <MinValue>2018-09-12T00:00:00.0000000</MinValue>
        <MaxValue>2018-10-01T00:00:00.0000000</MaxValue>
      </ColumnStatisticsProfile>
      <ColumnStatisticsProfile IsExact="true" ProfileRequestID="StatisticsReq">
        <DataSourceID>{8A5A672E-C677-4627-B2AC-FB1317B66B7A}</DataSourceID>
        <Table DataSource="DESKTOP-1ASOIN7" Database="Insurance_DWH" Schema="dbo" Table="dim_Branch" RowCount="20" />
        <Column Name="end_date" SqlDbType="Date" MaxLength="0" Precision="255" Scale="255" LCID="-1" CodePage="0" IsNullable="true" StringCompareOptions="0" />
        <MinValue>2019-02-13T00:00:00.0000000</MinValue>
        <MaxValue>2019-03-04T00:00:00.0000000</MaxValue>
      </ColumnStatisticsProfile>
      <ColumnLengthDistributionProfile ProfileRequestID="LengthDistReq" IsExact="true">
        <DataSourceID>{8A5A672E-C677-4627-B2AC-FB1317B66B7A}</DataSourceID>
        <Table DataSource="DESKTOP-1ASOIN7" Database="Insurance_DWH" Schema="dbo" Table="dim_Branch" RowCount="20" />
        <Column Name="branch_code" SqlDbType="VarChar" MaxLength="10" Precision="255" Scale="255" LCID="1033" CodePage="0" IsNullable="true" StringCompareOptions="0" />
        <IgnoreLeadingSpace>false</IgnoreLeadingSpace>
        <IgnoreTrailingSpace>true</IgnoreTrailingSpace>
        <MinLength>3</MinLength>
        <MaxLength>3</MaxLength>
        <LengthDistribution>
          <LengthDistributionItem>
            <Length>3</Length>
            <Count>20</Count>
          </LengthDistributionItem>
        </LengthDistribution>
      </ColumnLengthDistributionProfile>
      <ColumnLengthDistributionProfile ProfileRequestID="LengthDistReq" IsExact="true">
        <DataSourceID>{8A5A672E-C677-4627-B2AC-FB1317B66B7A}</DataSourceID>
        <Table DataSource="DESKTOP-1ASOIN7" Database="Insurance_DWH" Schema="dbo" Table="dim_Branch" RowCount="20" />
        <Column Name="address" SqlDbType="VarChar" MaxLength="50" Precision="255" Scale="255" LCID="1033" CodePage="0" IsNullable="true" StringCompareOptions="0" />
        <IgnoreLeadingSpace>false</IgnoreLeadingSpace>
        <IgnoreTrailingSpace>true</IgnoreTrailingSpace>
        <MinLength>4</MinLength>
        <MaxLength>10</MaxLength>
        <LengthDistribution>
          <LengthDistributionItem>
            <Length>4</Length>
            <Count>1</Count>
          </LengthDistributionItem>
          <LengthDistributionItem>
            <Length>5</Length>
            <Count>7</Count>
          </LengthDistributionItem>
          <LengthDistributionItem>
            <Length>6</Length>
            <Count>4</Count>
          </LengthDistributionItem>
          <LengthDistributionItem>
            <Length>7</Length>
            <Count>2</Count>
          </LengthDistributionItem>
          <LengthDistributionItem>
            <Length>8</Length>
            <Count>3</Count>
          </LengthDistributionItem>
          <LengthDistributionItem>
            <Length>9</Length>
            <Count>2</Count>
          </LengthDistributionItem>
          <LengthDistributionItem>
            <Length>10</Length>
            <Count>1</Count>
          </LengthDistributionItem>
        </LengthDistribution>
      </ColumnLengthDistributionProfile>
      <ColumnValueDistributionProfile IsExact="true" ProfileRequestID="ValueDistReq">
        <DataSourceID>{8A5A672E-C677-4627-B2AC-FB1317B66B7A}</DataSourceID>
        <Table DataSource="DESKTOP-1ASOIN7" Database="Insurance_DWH" Schema="dbo" Table="dim_Branch" RowCount="20" />
        <Column Name="branch_id" SqlDbType="Int" MaxLength="0" Precision="10" Scale="0" LCID="-1" CodePage="0" IsNullable="false" StringCompareOptions="0" />
        <NumberOfDistinctValues>20</NumberOfDistinctValues>
        <ValueDistribution>
          <ValueDistributionItem>
            <Value>1</Value>
            <Count>1</Count>
          </ValueDistributionItem>
          <ValueDistributionItem>
            <Value>2</Value>
            <Count>1</Count>
          </ValueDistributionItem>
          <ValueDistributionItem>
            <Value>3</Value>
            <Count>1</Count>
          </ValueDistributionItem>
          <ValueDistributionItem>
            <Value>4</Value>
            <Count>1</Count>
          </ValueDistributionItem>
          <ValueDistributionItem>
            <Value>5</Value>
            <Count>1</Count>
          </ValueDistributionItem>
          <ValueDistributionItem>
            <Value>6</Value>
            <Count>1</Count>
          </ValueDistributionItem>
          <ValueDistributionItem>
            <Value>7</Value>
            <Count>1</Count>
          </ValueDistributionItem>
          <ValueDistributionItem>
            <Value>8</Value>
            <Count>1</Count>
          </ValueDistributionItem>
          <ValueDistributionItem>
            <Value>9</Value>
            <Count>1</Count>
          </ValueDistributionItem>
          <ValueDistributionItem>
            <Value>10</Value>
            <Count>1</Count>
          </ValueDistributionItem>
          <ValueDistributionItem>
            <Value>11</Value>
            <Count>1</Count>
          </ValueDistributionItem>
          <ValueDistributionItem>
            <Value>12</Value>
            <Count>1</Count>
          </ValueDistributionItem>
          <ValueDistributionItem>
            <Value>13</Value>
            <Count>1</Count>
          </ValueDistributionItem>
          <ValueDistributionItem>
            <Value>14</Value>
            <Count>1</Count>
          </ValueDistributionItem>
          <ValueDistributionItem>
            <Value>15</Value>
            <Count>1</Count>
          </ValueDistributionItem>
          <ValueDistributionItem>
            <Value>16</Value>
            <Count>1</Count>
          </ValueDistributionItem>
          <ValueDistributionItem>
            <Value>17</Value>
            <Count>1</Count>
          </ValueDistributionItem>
          <ValueDistributionItem>
            <Value>18</Value>
            <Count>1</Count>
          </ValueDistributionItem>
          <ValueDistributionItem>
            <Value>19</Value>
            <Count>1</Count>
          </ValueDistributionItem>
          <ValueDistributionItem>
            <Value>20</Value>
            <Count>1</Count>
          </ValueDistributionItem>
        </ValueDistribution>
      </ColumnValueDistributionProfile>
      <CandidateKeyProfile IsExact="true" ProfileRequestID="KeyReq">
        <DataSourceID>{8A5A672E-C677-4627-B2AC-FB1317B66B7A}</DataSourceID>
        <Table DataSource="DESKTOP-1ASOIN7" Database="Insurance_DWH" Schema="dbo" Table="dim_Branch" RowCount="20" />
        <KeyColumns>
          <Column Name="branch_code" SqlDbType="VarChar" MaxLength="10" Precision="255" Scale="255" LCID="1033" CodePage="0" IsNullable="true" StringCompareOptions="0" />
        </KeyColumns>
        <IsExactKey>true</IsExactKey>
      </CandidateKeyProfile>
      <ColumnValueDistributionProfile IsExact="true" ProfileRequestID="ValueDistReq">
        <DataSourceID>{8A5A672E-C677-4627-B2AC-FB1317B66B7A}</DataSourceID>
        <Table DataSource="DESKTOP-1ASOIN7" Database="Insurance_DWH" Schema="dbo" Table="dim_Branch" RowCount="20" />
        <Column Name="branch_code" SqlDbType="VarChar" MaxLength="10" Precision="255" Scale="255" LCID="1033" CodePage="0" IsNullable="true" StringCompareOptions="0" />
        <NumberOfDistinctValues>20</NumberOfDistinctValues>
        <ValueDistribution>
          <ValueDistributionItem>
            <Value>102</Value>
            <Count>1</Count>
          </ValueDistributionItem>
          <ValueDistributionItem>
            <Value>103</Value>
            <Count>1</Count>
          </ValueDistributionItem>
          <ValueDistributionItem>
            <Value>104</Value>
            <Count>1</Count>
          </ValueDistributionItem>
          <ValueDistributionItem>
            <Value>105</Value>
            <Count>1</Count>
          </ValueDistributionItem>
          <ValueDistributionItem>
            <Value>106</Value>
            <Count>1</Count>
          </ValueDistributionItem>
          <ValueDistributionItem>
            <Value>107</Value>
            <Count>1</Count>
          </ValueDistributionItem>
          <ValueDistributionItem>
            <Value>108</Value>
            <Count>1</Count>
          </ValueDistributionItem>
          <ValueDistributionItem>
            <Value>109</Value>
            <Count>1</Count>
          </ValueDistributionItem>
          <ValueDistributionItem>
            <Value>110</Value>
            <Count>1</Count>
          </ValueDistributionItem>
          <ValueDistributionItem>
            <Value>111</Value>
            <Count>1</Count>
          </ValueDistributionItem>
          <ValueDistributionItem>
            <Value>112</Value>
            <Count>1</Count>
          </ValueDistributionItem>
          <ValueDistributionItem>
            <Value>113</Value>
            <Count>1</Count>
          </ValueDistributionItem>
          <ValueDistributionItem>
            <Value>114</Value>
            <Count>1</Count>
          </ValueDistributionItem>
          <ValueDistributionItem>
            <Value>115</Value>
            <Count>1</Count>
          </ValueDistributionItem>
          <ValueDistributionItem>
            <Value>116</Value>
            <Count>1</Count>
          </ValueDistributionItem>
          <ValueDistributionItem>
            <Value>117</Value>
            <Count>1</Count>
          </ValueDistributionItem>
          <ValueDistributionItem>
            <Value>118</Value>
            <Count>1</Count>
          </ValueDistributionItem>
          <ValueDistributionItem>
            <Value>119</Value>
            <Count>1</Count>
          </ValueDistributionItem>
          <ValueDistributionItem>
            <Value>120</Value>
            <Count>1</Count>
          </ValueDistributionItem>
          <ValueDistributionItem>
            <Value>121</Value>
            <Count>1</Count>
          </ValueDistributionItem>
        </ValueDistribution>
      </ColumnValueDistributionProfile>
      <CandidateKeyProfile IsExact="true" ProfileRequestID="KeyReq">
        <DataSourceID>{8A5A672E-C677-4627-B2AC-FB1317B66B7A}</DataSourceID>
        <Table DataSource="DESKTOP-1ASOIN7" Database="Insurance_DWH" Schema="dbo" Table="dim_Branch" RowCount="20" />
        <KeyColumns>
          <Column Name="address" SqlDbType="VarChar" MaxLength="50" Precision="255" Scale="255" LCID="1033" CodePage="0" IsNullable="true" StringCompareOptions="0" />
        </KeyColumns>
        <IsExactKey>true</IsExactKey>
      </CandidateKeyProfile>
      <ColumnValueDistributionProfile IsExact="true" ProfileRequestID="ValueDistReq">
        <DataSourceID>{8A5A672E-C677-4627-B2AC-FB1317B66B7A}</DataSourceID>
        <Table DataSource="DESKTOP-1ASOIN7" Database="Insurance_DWH" Schema="dbo" Table="dim_Branch" RowCount="20" />
        <Column Name="address" SqlDbType="VarChar" MaxLength="50" Precision="255" Scale="255" LCID="1033" CodePage="0" IsNullable="true" StringCompareOptions="0" />
        <NumberOfDistinctValues>20</NumberOfDistinctValues>
        <ValueDistribution>
          <ValueDistributionItem>
            <Value>Amritsar</Value>
            <Count>1</Count>
          </ValueDistributionItem>
          <ValueDistributionItem>
            <Value>Badlapur</Value>
            <Count>1</Count>
          </ValueDistributionItem>
          <ValueDistributionItem>
            <Value>Bangalore</Value>
            <Count>1</Count>
          </ValueDistributionItem>
          <ValueDistributionItem>
            <Value>Chennai</Value>
            <Count>1</Count>
          </ValueDistributionItem>
          <ValueDistributionItem>
            <Value>Dadar</Value>
            <Count>1</Count>
          </ValueDistributionItem>
          <ValueDistributionItem>
            <Value>Kalwa</Value>
            <Count>1</Count>
          </ValueDistributionItem>
          <ValueDistributionItem>
            <Value>Karjat</Value>
            <Count>1</Count>
          </ValueDistributionItem>
          <ValueDistributionItem>
            <Value>Kothrud</Value>
            <Count>1</Count>
          </ValueDistributionItem>
          <ValueDistributionItem>
            <Value>Mahalaxmi</Value>
            <Count>1</Count>
          </ValueDistributionItem>
          <ValueDistributionItem>
            <Value>Mulund</Value>
            <Count>1</Count>
          </ValueDistributionItem>
          <ValueDistributionItem>
            <Value>Mysore</Value>
            <Count>1</Count>
          </ValueDistributionItem>
          <ValueDistributionItem>
            <Value>Otty</Value>
            <Count>1</Count>
          </ValueDistributionItem>
          <ValueDistributionItem>
            <Value>Patna</Value>
            <Count>1</Count>
          </ValueDistributionItem>
          <ValueDistributionItem>
            <Value>Sawantwadi</Value>
            <Count>1</Count>
          </ValueDistributionItem>
          <ValueDistributionItem>
            <Value>Tambaram</Value>
            <Count>1</Count>
          </ValueDistributionItem>
          <ValueDistributionItem>
            <Value>Thane</Value>
            <Count>1</Count>
          </ValueDistributionItem>
          <ValueDistributionItem>
            <Value>Vasai</Value>
            <Count>1</Count>
          </ValueDistributionItem>
          <ValueDistributionItem>
            <Value>Vetora</Value>
            <Count>1</Count>
          </ValueDistributionItem>
          <ValueDistributionItem>
            <Value>Virar</Value>
            <Count>1</Count>
          </ValueDistributionItem>
          <ValueDistributionItem>
            <Value>Vizag</Value>
            <Count>1</Count>
          </ValueDistributionItem>
        </ValueDistribution>
      </ColumnValueDistributionProfile>
      <CandidateKeyProfile IsExact="true" ProfileRequestID="KeyReq">
        <DataSourceID>{8A5A672E-C677-4627-B2AC-FB1317B66B7A}</DataSourceID>
        <Table DataSource="DESKTOP-1ASOIN7" Database="Insurance_DWH" Schema="dbo" Table="dim_Branch" RowCount="20" />
        <KeyColumns>
          <Column Name="start_date" SqlDbType="Date" MaxLength="0" Precision="255" Scale="255" LCID="-1" CodePage="0" IsNullable="true" StringCompareOptions="0" />
        </KeyColumns>
        <IsExactKey>true</IsExactKey>
      </CandidateKeyProfile>
      <ColumnValueDistributionProfile IsExact="true" ProfileRequestID="ValueDistReq">
        <DataSourceID>{8A5A672E-C677-4627-B2AC-FB1317B66B7A}</DataSourceID>
        <Table DataSource="DESKTOP-1ASOIN7" Database="Insurance_DWH" Schema="dbo" Table="dim_Branch" RowCount="20" />
        <Column Name="start_date" SqlDbType="Date" MaxLength="0" Precision="255" Scale="255" LCID="-1" CodePage="0" IsNullable="true" StringCompareOptions="0" />
        <NumberOfDistinctValues>20</NumberOfDistinctValues>
        <ValueDistribution>
          <ValueDistributionItem>
            <Value>2018-09-12T00:00:00.0000000</Value>
            <Count>1</Count>
          </ValueDistributionItem>
          <ValueDistributionItem>
            <Value>2018-09-13T00:00:00.0000000</Value>
            <Count>1</Count>
          </ValueDistributionItem>
          <ValueDistributionItem>
            <Value>2018-09-14T00:00:00.0000000</Value>
            <Count>1</Count>
          </ValueDistributionItem>
          <ValueDistributionItem>
            <Value>2018-09-15T00:00:00.0000000</Value>
            <Count>1</Count>
          </ValueDistributionItem>
          <ValueDistributionItem>
            <Value>2018-09-16T00:00:00.0000000</Value>
            <Count>1</Count>
          </ValueDistributionItem>
          <ValueDistributionItem>
            <Value>2018-09-17T00:00:00.0000000</Value>
            <Count>1</Count>
          </ValueDistributionItem>
          <ValueDistributionItem>
            <Value>2018-09-18T00:00:00.0000000</Value>
            <Count>1</Count>
          </ValueDistributionItem>
          <ValueDistributionItem>
            <Value>2018-09-19T00:00:00.0000000</Value>
            <Count>1</Count>
          </ValueDistributionItem>
          <ValueDistributionItem>
            <Value>2018-09-20T00:00:00.0000000</Value>
            <Count>1</Count>
          </ValueDistributionItem>
          <ValueDistributionItem>
            <Value>2018-09-21T00:00:00.0000000</Value>
            <Count>1</Count>
          </ValueDistributionItem>
          <ValueDistributionItem>
            <Value>2018-09-22T00:00:00.0000000</Value>
            <Count>1</Count>
          </ValueDistributionItem>
          <ValueDistributionItem>
            <Value>2018-09-23T00:00:00.0000000</Value>
            <Count>1</Count>
          </ValueDistributionItem>
          <ValueDistributionItem>
            <Value>2018-09-24T00:00:00.0000000</Value>
            <Count>1</Count>
          </ValueDistributionItem>
          <ValueDistributionItem>
            <Value>2018-09-25T00:00:00.0000000</Value>
            <Count>1</Count>
          </ValueDistributionItem>
          <ValueDistributionItem>
            <Value>2018-09-26T00:00:00.0000000</Value>
            <Count>1</Count>
          </ValueDistributionItem>
          <ValueDistributionItem>
            <Value>2018-09-27T00:00:00.0000000</Value>
            <Count>1</Count>
          </ValueDistributionItem>
          <ValueDistributionItem>
            <Value>2018-09-28T00:00:00.0000000</Value>
            <Count>1</Count>
          </ValueDistributionItem>
          <ValueDistributionItem>
            <Value>2018-09-29T00:00:00.0000000</Value>
            <Count>1</Count>
          </ValueDistributionItem>
          <ValueDistributionItem>
            <Value>2018-09-30T00:00:00.0000000</Value>
            <Count>1</Count>
          </ValueDistributionItem>
          <ValueDistributionItem>
            <Value>2018-10-01T00:00:00.0000000</Value>
            <Count>1</Count>
          </ValueDistributionItem>
        </ValueDistribution>
      </ColumnValueDistributionProfile>
      <CandidateKeyProfile IsExact="true" ProfileRequestID="KeyReq">
        <DataSourceID>{8A5A672E-C677-4627-B2AC-FB1317B66B7A}</DataSourceID>
        <Table DataSource="DESKTOP-1ASOIN7" Database="Insurance_DWH" Schema="dbo" Table="dim_Branch" RowCount="20" />
        <KeyColumns>
          <Column Name="end_date" SqlDbType="Date" MaxLength="0" Precision="255" Scale="255" LCID="-1" CodePage="0" IsNullable="true" StringCompareOptions="0" />
        </KeyColumns>
        <IsExactKey>true</IsExactKey>
      </CandidateKeyProfile>
      <ColumnValueDistributionProfile IsExact="true" ProfileRequestID="ValueDistReq">
        <DataSourceID>{8A5A672E-C677-4627-B2AC-FB1317B66B7A}</DataSourceID>
        <Table DataSource="DESKTOP-1ASOIN7" Database="Insurance_DWH" Schema="dbo" Table="dim_Branch" RowCount="20" />
        <Column Name="end_date" SqlDbType="Date" MaxLength="0" Precision="255" Scale="255" LCID="-1" CodePage="0" IsNullable="true" StringCompareOptions="0" />
        <NumberOfDistinctValues>20</NumberOfDistinctValues>
        <ValueDistribution>
          <ValueDistributionItem>
            <Value>2019-02-13T00:00:00.0000000</Value>
            <Count>1</Count>
          </ValueDistributionItem>
          <ValueDistributionItem>
            <Value>2019-02-14T00:00:00.0000000</Value>
            <Count>1</Count>
          </ValueDistributionItem>
          <ValueDistributionItem>
            <Value>2019-02-15T00:00:00.0000000</Value>
            <Count>1</Count>
          </ValueDistributionItem>
          <ValueDistributionItem>
            <Value>2019-02-16T00:00:00.0000000</Value>
            <Count>1</Count>
          </ValueDistributionItem>
          <ValueDistributionItem>
            <Value>2019-02-17T00:00:00.0000000</Value>
            <Count>1</Count>
          </ValueDistributionItem>
          <ValueDistributionItem>
            <Value>2019-02-18T00:00:00.0000000</Value>
            <Count>1</Count>
          </ValueDistributionItem>
          <ValueDistributionItem>
            <Value>2019-02-19T00:00:00.0000000</Value>
            <Count>1</Count>
          </ValueDistributionItem>
          <ValueDistributionItem>
            <Value>2019-02-20T00:00:00.0000000</Value>
            <Count>1</Count>
          </ValueDistributionItem>
          <ValueDistributionItem>
            <Value>2019-02-21T00:00:00.0000000</Value>
            <Count>1</Count>
          </ValueDistributionItem>
          <ValueDistributionItem>
            <Value>2019-02-22T00:00:00.0000000</Value>
            <Count>1</Count>
          </ValueDistributionItem>
          <ValueDistributionItem>
            <Value>2019-02-23T00:00:00.0000000</Value>
            <Count>1</Count>
          </ValueDistributionItem>
          <ValueDistributionItem>
            <Value>2019-02-24T00:00:00.0000000</Value>
            <Count>1</Count>
          </ValueDistributionItem>
          <ValueDistributionItem>
            <Value>2019-02-25T00:00:00.0000000</Value>
            <Count>1</Count>
          </ValueDistributionItem>
          <ValueDistributionItem>
            <Value>2019-02-26T00:00:00.0000000</Value>
            <Count>1</Count>
          </ValueDistributionItem>
          <ValueDistributionItem>
            <Value>2019-02-27T00:00:00.0000000</Value>
            <Count>1</Count>
          </ValueDistributionItem>
          <ValueDistributionItem>
            <Value>2019-02-28T00:00:00.0000000</Value>
            <Count>1</Count>
          </ValueDistributionItem>
          <ValueDistributionItem>
            <Value>2019-03-01T00:00:00.0000000</Value>
            <Count>1</Count>
          </ValueDistributionItem>
          <ValueDistributionItem>
            <Value>2019-03-02T00:00:00.0000000</Value>
            <Count>1</Count>
          </ValueDistributionItem>
          <ValueDistributionItem>
            <Value>2019-03-03T00:00:00.0000000</Value>
            <Count>1</Count>
          </ValueDistributionItem>
          <ValueDistributionItem>
            <Value>2019-03-04T00:00:00.0000000</Value>
            <Count>1</Count>
          </ValueDistributionItem>
        </ValueDistribution>
      </ColumnValueDistributionProfile>
    </Profiles>
  </DataProfileOutput>
</DataProfile>