<?xml version="1.0"?>
<DataProfile xmlns:xsi="http://www.w3.org/2001/XMLSchema-instance" xmlns:xsd="http://www.w3.org/2001/XMLSchema" xmlns="http://schemas.microsoft.com/sqlserver/2008/DataDebugger/">
  <ProfileVersion>1.0</ProfileVersion>
  <DataSources>
    <DtsDataSource ID="{B16A241F-1252-4453-BFB1-A6C7A8B7FB76}" Name="DataProfiling-dimCustomer.xml">
      <DtsConnectionManagerID>DataProfiling-dimCustomer.xml</DtsConnectionManagerID>
    </DtsDataSource>
    <DtsDataSource ID="{98409BE9-77EE-45F4-B4D6-4741E4769BAE}" Name="DESKTOP-1ASOIN7.Insurance_DWH">
      <DtsConnectionManagerID>DESKTOP-1ASOIN7.Insurance_DWH</DtsConnectionManagerID>
    </DtsDataSource>
  </DataSources>
  <DataProfileInput>
    <ProfileMode>Exact</ProfileMode>
    <Timeout>0</Timeout>
    <Requests>
      <ColumnNullRatioProfileRequest ID="NullRatioReq">
        <DataSourceID>{98409BE9-77EE-45F4-B4D6-4741E4769BAE}</DataSourceID>
        <Table Schema="dbo" Table="dim_customer" />
        <Column IsWildCard="true" />
      </ColumnNullRatioProfileRequest>
      <ColumnStatisticsProfileRequest ID="StatisticsReq">
        <DataSourceID>{98409BE9-77EE-45F4-B4D6-4741E4769BAE}</DataSourceID>
        <Table Schema="dbo" Table="dim_customer" />
        <Column IsWildCard="true" />
      </ColumnStatisticsProfileRequest>
      <ColumnLengthDistributionProfileRequest ID="LengthDistReq">
        <DataSourceID>{98409BE9-77EE-45F4-B4D6-4741E4769BAE}</DataSourceID>
        <Table Schema="dbo" Table="dim_customer" />
        <Column IsWildCard="true" />
        <IgnoreLeadingSpace>false</IgnoreLeadingSpace>
        <IgnoreTrailingSpace>true</IgnoreTrailingSpace>
      </ColumnLengthDistributionProfileRequest>
      <ColumnValueDistributionProfileRequest ID="ValueDistReq">
        <DataSourceID>{98409BE9-77EE-45F4-B4D6-4741E4769BAE}</DataSourceID>
        <Table Schema="dbo" Table="dim_customer" />
        <Column IsWildCard="true" />
        <Option>FrequentValues</Option>
        <FrequentValueThreshold>0.001</FrequentValueThreshold>
      </ColumnValueDistributionProfileRequest>
      <CandidateKeyProfileRequest ID="KeyReq">
        <DataSourceID>{98409BE9-77EE-45F4-B4D6-4741E4769BAE}</DataSourceID>
        <Table Schema="dbo" Table="dim_customer" />
        <KeyColumns>
          <Column IsWildCard="true" />
        </KeyColumns>
        <ThresholdSetting>Specified</ThresholdSetting>
        <KeyStrengthThreshold>0.95</KeyStrengthThreshold>
        <VerifyOutputInFastMode>false</VerifyOutputInFastMode>
        <MaxNumberOfViolations>100</MaxNumberOfViolations>
      </CandidateKeyProfileRequest>
    </Requests>
  </DataProfileInput>
  <DataProfileOutput>
    <Profiles>
      <ColumnNullRatioProfile ProfileRequestID="NullRatioReq" IsExact="true">
        <DataSourceID>{98409BE9-77EE-45F4-B4D6-4741E4769BAE}</DataSourceID>
        <Table DataSource="DESKTOP-1ASOIN7" Database="Insurance_DWH" Schema="dbo" Table="dim_customer" RowCount="-1" />
        <Column Name="customer_AccNo" SqlDbType="Int" MaxLength="0" Precision="10" Scale="0" LCID="-1" CodePage="0" IsNullable="false" StringCompareOptions="0" />
        <NullCount>0</NullCount>
      </ColumnNullRatioProfile>
      <CandidateKeyProfile IsExact="true" ProfileRequestID="KeyReq">
        <DataSourceID>{98409BE9-77EE-45F4-B4D6-4741E4769BAE}</DataSourceID>
        <Table DataSource="DESKTOP-1ASOIN7" Database="Insurance_DWH" Schema="dbo" Table="dim_customer" RowCount="-1" />
        <KeyColumns>
          <Column Name="customer_AccNo" SqlDbType="Int" MaxLength="0" Precision="10" Scale="0" LCID="-1" CodePage="0" IsNullable="false" StringCompareOptions="0" />
        </KeyColumns>
        <IsExactKey>true</IsExactKey>
      </CandidateKeyProfile>
      <ColumnNullRatioProfile ProfileRequestID="NullRatioReq" IsExact="true">
        <DataSourceID>{98409BE9-77EE-45F4-B4D6-4741E4769BAE}</DataSourceID>
        <Table DataSource="DESKTOP-1ASOIN7" Database="Insurance_DWH" Schema="dbo" Table="dim_customer" RowCount="18" />
        <Column Name="name" SqlDbType="VarChar" MaxLength="20" Precision="255" Scale="255" LCID="1033" CodePage="0" IsNullable="true" StringCompareOptions="0" />
        <NullCount>0</NullCount>
      </ColumnNullRatioProfile>
      <ColumnNullRatioProfile ProfileRequestID="NullRatioReq" IsExact="true">
        <DataSourceID>{98409BE9-77EE-45F4-B4D6-4741E4769BAE}</DataSourceID>
        <Table DataSource="DESKTOP-1ASOIN7" Database="Insurance_DWH" Schema="dbo" Table="dim_customer" RowCount="18" />
        <Column Name="birthDate" SqlDbType="Date" MaxLength="0" Precision="255" Scale="255" LCID="-1" CodePage="0" IsNullable="true" StringCompareOptions="0" />
        <NullCount>0</NullCount>
      </ColumnNullRatioProfile>
      <ColumnNullRatioProfile ProfileRequestID="NullRatioReq" IsExact="true">
        <DataSourceID>{98409BE9-77EE-45F4-B4D6-4741E4769BAE}</DataSourceID>
        <Table DataSource="DESKTOP-1ASOIN7" Database="Insurance_DWH" Schema="dbo" Table="dim_customer" RowCount="18" />
        <Column Name="address" SqlDbType="VarChar" MaxLength="50" Precision="255" Scale="255" LCID="1033" CodePage="0" IsNullable="true" StringCompareOptions="0" />
        <NullCount>0</NullCount>
      </ColumnNullRatioProfile>
      <ColumnNullRatioProfile ProfileRequestID="NullRatioReq" IsExact="true">
        <DataSourceID>{98409BE9-77EE-45F4-B4D6-4741E4769BAE}</DataSourceID>
        <Table DataSource="DESKTOP-1ASOIN7" Database="Insurance_DWH" Schema="dbo" Table="dim_customer" RowCount="18" />
        <Column Name="start_Date" SqlDbType="Date" MaxLength="0" Precision="255" Scale="255" LCID="-1" CodePage="0" IsNullable="true" StringCompareOptions="0" />
        <NullCount>0</NullCount>
      </ColumnNullRatioProfile>
      <ColumnNullRatioProfile ProfileRequestID="NullRatioReq" IsExact="true">
        <DataSourceID>{98409BE9-77EE-45F4-B4D6-4741E4769BAE}</DataSourceID>
        <Table DataSource="DESKTOP-1ASOIN7" Database="Insurance_DWH" Schema="dbo" Table="dim_customer" RowCount="18" />
        <Column Name="end_Date" SqlDbType="Date" MaxLength="0" Precision="255" Scale="255" LCID="-1" CodePage="0" IsNullable="true" StringCompareOptions="0" />
        <NullCount>0</NullCount>
      </ColumnNullRatioProfile>
      <ColumnStatisticsProfile IsExact="true" ProfileRequestID="StatisticsReq">
        <DataSourceID>{98409BE9-77EE-45F4-B4D6-4741E4769BAE}</DataSourceID>
        <Table DataSource="DESKTOP-1ASOIN7" Database="Insurance_DWH" Schema="dbo" Table="dim_customer" RowCount="18" />
        <Column Name="customer_AccNo" SqlDbType="Int" MaxLength="0" Precision="10" Scale="0" LCID="-1" CodePage="0" IsNullable="false" StringCompareOptions="0" />
        <MinValue>12021200</MinValue>
        <MaxValue>12021217</MaxValue>
        <Mean>12021208.5</Mean>
        <StdDev>5.18812747209113</StdDev>
      </ColumnStatisticsProfile>
      <ColumnStatisticsProfile IsExact="true" ProfileRequestID="StatisticsReq">
        <DataSourceID>{98409BE9-77EE-45F4-B4D6-4741E4769BAE}</DataSourceID>
        <Table DataSource="DESKTOP-1ASOIN7" Database="Insurance_DWH" Schema="dbo" Table="dim_customer" RowCount="18" />
        <Column Name="birthDate" SqlDbType="Date" MaxLength="0" Precision="255" Scale="255" LCID="-1" CodePage="0" IsNullable="true" StringCompareOptions="0" />
        <MinValue>1997-12-21T00:00:00.0000000</MinValue>
        <MaxValue>1998-01-07T00:00:00.0000000</MaxValue>
      </ColumnStatisticsProfile>
      <ColumnStatisticsProfile IsExact="true" ProfileRequestID="StatisticsReq">
        <DataSourceID>{98409BE9-77EE-45F4-B4D6-4741E4769BAE}</DataSourceID>
        <Table DataSource="DESKTOP-1ASOIN7" Database="Insurance_DWH" Schema="dbo" Table="dim_customer" RowCount="18" />
        <Column Name="start_Date" SqlDbType="Date" MaxLength="0" Precision="255" Scale="255" LCID="-1" CodePage="0" IsNullable="true" StringCompareOptions="0" />
        <MinValue>2018-11-21T00:00:00.0000000</MinValue>
        <MaxValue>2018-12-08T00:00:00.0000000</MaxValue>
      </ColumnStatisticsProfile>
      <ColumnStatisticsProfile IsExact="true" ProfileRequestID="StatisticsReq">
        <DataSourceID>{98409BE9-77EE-45F4-B4D6-4741E4769BAE}</DataSourceID>
        <Table DataSource="DESKTOP-1ASOIN7" Database="Insurance_DWH" Schema="dbo" Table="dim_customer" RowCount="18" />
        <Column Name="end_Date" SqlDbType="Date" MaxLength="0" Precision="255" Scale="255" LCID="-1" CodePage="0" IsNullable="true" StringCompareOptions="0" />
        <MinValue>2019-01-21T00:00:00.0000000</MinValue>
        <MaxValue>2019-02-07T00:00:00.0000000</MaxValue>
      </ColumnStatisticsProfile>
      <ColumnLengthDistributionProfile ProfileRequestID="LengthDistReq" IsExact="true">
        <DataSourceID>{98409BE9-77EE-45F4-B4D6-4741E4769BAE}</DataSourceID>
        <Table DataSource="DESKTOP-1ASOIN7" Database="Insurance_DWH" Schema="dbo" Table="dim_customer" RowCount="18" />
        <Column Name="name" SqlDbType="VarChar" MaxLength="20" Precision="255" Scale="255" LCID="1033" CodePage="0" IsNullable="true" StringCompareOptions="0" />
        <IgnoreLeadingSpace>false</IgnoreLeadingSpace>
        <IgnoreTrailingSpace>true</IgnoreTrailingSpace>
        <MinLength>4</MinLength>
        <MaxLength>7</MaxLength>
        <LengthDistribution>
          <LengthDistributionItem>
            <Length>4</Length>
            <Count>1</Count>
          </LengthDistributionItem>
          <LengthDistributionItem>
            <Length>5</Length>
            <Count>6</Count>
          </LengthDistributionItem>
          <LengthDistributionItem>
            <Length>6</Length>
            <Count>7</Count>
          </LengthDistributionItem>
          <LengthDistributionItem>
            <Length>7</Length>
            <Count>4</Count>
          </LengthDistributionItem>
        </LengthDistribution>
      </ColumnLengthDistributionProfile>
      <ColumnLengthDistributionProfile ProfileRequestID="LengthDistReq" IsExact="true">
        <DataSourceID>{98409BE9-77EE-45F4-B4D6-4741E4769BAE}</DataSourceID>
        <Table DataSource="DESKTOP-1ASOIN7" Database="Insurance_DWH" Schema="dbo" Table="dim_customer" RowCount="18" />
        <Column Name="address" SqlDbType="VarChar" MaxLength="50" Precision="255" Scale="255" LCID="1033" CodePage="0" IsNullable="true" StringCompareOptions="0" />
        <IgnoreLeadingSpace>false</IgnoreLeadingSpace>
        <IgnoreTrailingSpace>true</IgnoreTrailingSpace>
        <MinLength>4</MinLength>
        <MaxLength>10</MaxLength>
        <LengthDistribution>
          <LengthDistributionItem>
            <Length>4</Length>
            <Count>2</Count>
          </LengthDistributionItem>
          <LengthDistributionItem>
            <Length>5</Length>
            <Count>8</Count>
          </LengthDistributionItem>
          <LengthDistributionItem>
            <Length>6</Length>
            <Count>3</Count>
          </LengthDistributionItem>
          <LengthDistributionItem>
            <Length>7</Length>
            <Count>2</Count>
          </LengthDistributionItem>
          <LengthDistributionItem>
            <Length>10</Length>
            <Count>3</Count>
          </LengthDistributionItem>
        </LengthDistribution>
      </ColumnLengthDistributionProfile>
      <ColumnValueDistributionProfile IsExact="true" ProfileRequestID="ValueDistReq">
        <DataSourceID>{98409BE9-77EE-45F4-B4D6-4741E4769BAE}</DataSourceID>
        <Table DataSource="DESKTOP-1ASOIN7" Database="Insurance_DWH" Schema="dbo" Table="dim_customer" RowCount="18" />
        <Column Name="customer_AccNo" SqlDbType="Int" MaxLength="0" Precision="10" Scale="0" LCID="-1" CodePage="0" IsNullable="false" StringCompareOptions="0" />
        <NumberOfDistinctValues>18</NumberOfDistinctValues>
        <ValueDistribution>
          <ValueDistributionItem>
            <Value>12021200</Value>
            <Count>1</Count>
          </ValueDistributionItem>
          <ValueDistributionItem>
            <Value>12021201</Value>
            <Count>1</Count>
          </ValueDistributionItem>
          <ValueDistributionItem>
            <Value>12021202</Value>
            <Count>1</Count>
          </ValueDistributionItem>
          <ValueDistributionItem>
            <Value>12021203</Value>
            <Count>1</Count>
          </ValueDistributionItem>
          <ValueDistributionItem>
            <Value>12021204</Value>
            <Count>1</Count>
          </ValueDistributionItem>
          <ValueDistributionItem>
            <Value>12021205</Value>
            <Count>1</Count>
          </ValueDistributionItem>
          <ValueDistributionItem>
            <Value>12021206</Value>
            <Count>1</Count>
          </ValueDistributionItem>
          <ValueDistributionItem>
            <Value>12021207</Value>
            <Count>1</Count>
          </ValueDistributionItem>
          <ValueDistributionItem>
            <Value>12021208</Value>
            <Count>1</Count>
          </ValueDistributionItem>
          <ValueDistributionItem>
            <Value>12021209</Value>
            <Count>1</Count>
          </ValueDistributionItem>
          <ValueDistributionItem>
            <Value>12021210</Value>
            <Count>1</Count>
          </ValueDistributionItem>
          <ValueDistributionItem>
            <Value>12021211</Value>
            <Count>1</Count>
          </ValueDistributionItem>
          <ValueDistributionItem>
            <Value>12021212</Value>
            <Count>1</Count>
          </ValueDistributionItem>
          <ValueDistributionItem>
            <Value>12021213</Value>
            <Count>1</Count>
          </ValueDistributionItem>
          <ValueDistributionItem>
            <Value>12021214</Value>
            <Count>1</Count>
          </ValueDistributionItem>
          <ValueDistributionItem>
            <Value>12021215</Value>
            <Count>1</Count>
          </ValueDistributionItem>
          <ValueDistributionItem>
            <Value>12021216</Value>
            <Count>1</Count>
          </ValueDistributionItem>
          <ValueDistributionItem>
            <Value>12021217</Value>
            <Count>1</Count>
          </ValueDistributionItem>
        </ValueDistribution>
      </ColumnValueDistributionProfile>
      <CandidateKeyProfile IsExact="true" ProfileRequestID="KeyReq">
        <DataSourceID>{98409BE9-77EE-45F4-B4D6-4741E4769BAE}</DataSourceID>
        <Table DataSource="DESKTOP-1ASOIN7" Database="Insurance_DWH" Schema="dbo" Table="dim_customer" RowCount="18" />
        <KeyColumns>
          <Column Name="name" SqlDbType="VarChar" MaxLength="20" Precision="255" Scale="255" LCID="1033" CodePage="0" IsNullable="true" StringCompareOptions="0" />
        </KeyColumns>
        <IsExactKey>true</IsExactKey>
      </CandidateKeyProfile>
      <ColumnValueDistributionProfile IsExact="true" ProfileRequestID="ValueDistReq">
        <DataSourceID>{98409BE9-77EE-45F4-B4D6-4741E4769BAE}</DataSourceID>
        <Table DataSource="DESKTOP-1ASOIN7" Database="Insurance_DWH" Schema="dbo" Table="dim_customer" RowCount="18" />
        <Column Name="name" SqlDbType="VarChar" MaxLength="20" Precision="255" Scale="255" LCID="1033" CodePage="0" IsNullable="true" StringCompareOptions="0" />
        <NumberOfDistinctValues>18</NumberOfDistinctValues>
        <ValueDistribution>
          <ValueDistributionItem>
            <Value>Ajay</Value>
            <Count>1</Count>
          </ValueDistributionItem>
          <ValueDistributionItem>
            <Value>Akshar</Value>
            <Count>1</Count>
          </ValueDistributionItem>
          <ValueDistributionItem>
            <Value>Akshay</Value>
            <Count>1</Count>
          </ValueDistributionItem>
          <ValueDistributionItem>
            <Value>Anmol</Value>
            <Count>1</Count>
          </ValueDistributionItem>
          <ValueDistributionItem>
            <Value>Anoop</Value>
            <Count>1</Count>
          </ValueDistributionItem>
          <ValueDistributionItem>
            <Value>Ashish</Value>
            <Count>1</Count>
          </ValueDistributionItem>
          <ValueDistributionItem>
            <Value>Dinesh</Value>
            <Count>1</Count>
          </ValueDistributionItem>
          <ValueDistributionItem>
            <Value>Gautami</Value>
            <Count>1</Count>
          </ValueDistributionItem>
          <ValueDistributionItem>
            <Value>Karun</Value>
            <Count>1</Count>
          </ValueDistributionItem>
          <ValueDistributionItem>
            <Value>Kunal</Value>
            <Count>1</Count>
          </ValueDistributionItem>
          <ValueDistributionItem>
            <Value>Mahesh</Value>
            <Count>1</Count>
          </ValueDistributionItem>
          <ValueDistributionItem>
            <Value>Sarthak</Value>
            <Count>1</Count>
          </ValueDistributionItem>
          <ValueDistributionItem>
            <Value>Shaunak</Value>
            <Count>1</Count>
          </ValueDistributionItem>
          <ValueDistributionItem>
            <Value>Suresh</Value>
            <Count>1</Count>
          </ValueDistributionItem>
          <ValueDistributionItem>
            <Value>Vinay</Value>
            <Count>1</Count>
          </ValueDistributionItem>
          <ValueDistributionItem>
            <Value>Vinayak</Value>
            <Count>1</Count>
          </ValueDistributionItem>
          <ValueDistributionItem>
            <Value>Viraj</Value>
            <Count>1</Count>
          </ValueDistributionItem>
          <ValueDistributionItem>
            <Value>Vishal</Value>
            <Count>1</Count>
          </ValueDistributionItem>
        </ValueDistribution>
      </ColumnValueDistributionProfile>
      <CandidateKeyProfile IsExact="true" ProfileRequestID="KeyReq">
        <DataSourceID>{98409BE9-77EE-45F4-B4D6-4741E4769BAE}</DataSourceID>
        <Table DataSource="DESKTOP-1ASOIN7" Database="Insurance_DWH" Schema="dbo" Table="dim_customer" RowCount="18" />
        <KeyColumns>
          <Column Name="birthDate" SqlDbType="Date" MaxLength="0" Precision="255" Scale="255" LCID="-1" CodePage="0" IsNullable="true" StringCompareOptions="0" />
        </KeyColumns>
        <IsExactKey>true</IsExactKey>
      </CandidateKeyProfile>
      <ColumnValueDistributionProfile IsExact="true" ProfileRequestID="ValueDistReq">
        <DataSourceID>{98409BE9-77EE-45F4-B4D6-4741E4769BAE}</DataSourceID>
        <Table DataSource="DESKTOP-1ASOIN7" Database="Insurance_DWH" Schema="dbo" Table="dim_customer" RowCount="18" />
        <Column Name="birthDate" SqlDbType="Date" MaxLength="0" Precision="255" Scale="255" LCID="-1" CodePage="0" IsNullable="true" StringCompareOptions="0" />
        <NumberOfDistinctValues>18</NumberOfDistinctValues>
        <ValueDistribution>
          <ValueDistributionItem>
            <Value>1997-12-21T00:00:00.0000000</Value>
            <Count>1</Count>
          </ValueDistributionItem>
          <ValueDistributionItem>
            <Value>1997-12-22T00:00:00.0000000</Value>
            <Count>1</Count>
          </ValueDistributionItem>
          <ValueDistributionItem>
            <Value>1997-12-23T00:00:00.0000000</Value>
            <Count>1</Count>
          </ValueDistributionItem>
          <ValueDistributionItem>
            <Value>1997-12-24T00:00:00.0000000</Value>
            <Count>1</Count>
          </ValueDistributionItem>
          <ValueDistributionItem>
            <Value>1997-12-25T00:00:00.0000000</Value>
            <Count>1</Count>
          </ValueDistributionItem>
          <ValueDistributionItem>
            <Value>1997-12-26T00:00:00.0000000</Value>
            <Count>1</Count>
          </ValueDistributionItem>
          <ValueDistributionItem>
            <Value>1997-12-27T00:00:00.0000000</Value>
            <Count>1</Count>
          </ValueDistributionItem>
          <ValueDistributionItem>
            <Value>1997-12-28T00:00:00.0000000</Value>
            <Count>1</Count>
          </ValueDistributionItem>
          <ValueDistributionItem>
            <Value>1997-12-29T00:00:00.0000000</Value>
            <Count>1</Count>
          </ValueDistributionItem>
          <ValueDistributionItem>
            <Value>1997-12-30T00:00:00.0000000</Value>
            <Count>1</Count>
          </ValueDistributionItem>
          <ValueDistributionItem>
            <Value>1997-12-31T00:00:00.0000000</Value>
            <Count>1</Count>
          </ValueDistributionItem>
          <ValueDistributionItem>
            <Value>1998-01-01T00:00:00.0000000</Value>
            <Count>1</Count>
          </ValueDistributionItem>
          <ValueDistributionItem>
            <Value>1998-01-02T00:00:00.0000000</Value>
            <Count>1</Count>
          </ValueDistributionItem>
          <ValueDistributionItem>
            <Value>1998-01-03T00:00:00.0000000</Value>
            <Count>1</Count>
          </ValueDistributionItem>
          <ValueDistributionItem>
            <Value>1998-01-04T00:00:00.0000000</Value>
            <Count>1</Count>
          </ValueDistributionItem>
          <ValueDistributionItem>
            <Value>1998-01-05T00:00:00.0000000</Value>
            <Count>1</Count>
          </ValueDistributionItem>
          <ValueDistributionItem>
            <Value>1998-01-06T00:00:00.0000000</Value>
            <Count>1</Count>
          </ValueDistributionItem>
          <ValueDistributionItem>
            <Value>1998-01-07T00:00:00.0000000</Value>
            <Count>1</Count>
          </ValueDistributionItem>
        </ValueDistribution>
      </ColumnValueDistributionProfile>
      <ColumnValueDistributionProfile IsExact="true" ProfileRequestID="ValueDistReq">
        <DataSourceID>{98409BE9-77EE-45F4-B4D6-4741E4769BAE}</DataSourceID>
        <Table DataSource="DESKTOP-1ASOIN7" Database="Insurance_DWH" Schema="dbo" Table="dim_customer" RowCount="18" />
        <Column Name="address" SqlDbType="VarChar" MaxLength="50" Precision="255" Scale="255" LCID="1033" CodePage="0" IsNullable="true" StringCompareOptions="0" />
        <NumberOfDistinctValues>14</NumberOfDistinctValues>
        <ValueDistribution>
          <ValueDistributionItem>
            <Value>Churchgate</Value>
            <Count>2</Count>
          </ValueDistributionItem>
          <ValueDistributionItem>
            <Value>Diva</Value>
            <Count>1</Count>
          </ValueDistributionItem>
          <ValueDistributionItem>
            <Value>Gurgaon</Value>
            <Count>1</Count>
          </ValueDistributionItem>
          <ValueDistributionItem>
            <Value>Kalwa</Value>
            <Count>1</Count>
          </ValueDistributionItem>
          <ValueDistributionItem>
            <Value>Lucknow</Value>
            <Count>1</Count>
          </ValueDistributionItem>
          <ValueDistributionItem>
            <Value>Magarpatta</Value>
            <Count>1</Count>
          </ValueDistributionItem>
          <ValueDistributionItem>
            <Value>Mumbra</Value>
            <Count>1</Count>
          </ValueDistributionItem>
          <ValueDistributionItem>
            <Value>Panvel</Value>
            <Count>2</Count>
          </ValueDistributionItem>
          <ValueDistributionItem>
            <Value>Patna</Value>
            <Count>2</Count>
          </ValueDistributionItem>
          <ValueDistributionItem>
            <Value>Pune</Value>
            <Count>1</Count>
          </ValueDistributionItem>
          <ValueDistributionItem>
            <Value>Thane</Value>
            <Count>1</Count>
          </ValueDistributionItem>
          <ValueDistributionItem>
            <Value>Vasai</Value>
            <Count>1</Count>
          </ValueDistributionItem>
          <ValueDistributionItem>
            <Value>Virar</Value>
            <Count>1</Count>
          </ValueDistributionItem>
          <ValueDistributionItem>
            <Value>Vizag</Value>
            <Count>2</Count>
          </ValueDistributionItem>
        </ValueDistribution>
      </ColumnValueDistributionProfile>
      <CandidateKeyProfile IsExact="true" ProfileRequestID="KeyReq">
        <DataSourceID>{98409BE9-77EE-45F4-B4D6-4741E4769BAE}</DataSourceID>
        <Table DataSource="DESKTOP-1ASOIN7" Database="Insurance_DWH" Schema="dbo" Table="dim_customer" RowCount="18" />
        <KeyColumns>
          <Column Name="start_Date" SqlDbType="Date" MaxLength="0" Precision="255" Scale="255" LCID="-1" CodePage="0" IsNullable="true" StringCompareOptions="0" />
        </KeyColumns>
        <IsExactKey>true</IsExactKey>
      </CandidateKeyProfile>
      <ColumnValueDistributionProfile IsExact="true" ProfileRequestID="ValueDistReq">
        <DataSourceID>{98409BE9-77EE-45F4-B4D6-4741E4769BAE}</DataSourceID>
        <Table DataSource="DESKTOP-1ASOIN7" Database="Insurance_DWH" Schema="dbo" Table="dim_customer" RowCount="18" />
        <Column Name="start_Date" SqlDbType="Date" MaxLength="0" Precision="255" Scale="255" LCID="-1" CodePage="0" IsNullable="true" StringCompareOptions="0" />
        <NumberOfDistinctValues>18</NumberOfDistinctValues>
        <ValueDistribution>
          <ValueDistributionItem>
            <Value>2018-11-21T00:00:00.0000000</Value>
            <Count>1</Count>
          </ValueDistributionItem>
          <ValueDistributionItem>
            <Value>2018-11-22T00:00:00.0000000</Value>
            <Count>1</Count>
          </ValueDistributionItem>
          <ValueDistributionItem>
            <Value>2018-11-23T00:00:00.0000000</Value>
            <Count>1</Count>
          </ValueDistributionItem>
          <ValueDistributionItem>
            <Value>2018-11-24T00:00:00.0000000</Value>
            <Count>1</Count>
          </ValueDistributionItem>
          <ValueDistributionItem>
            <Value>2018-11-25T00:00:00.0000000</Value>
            <Count>1</Count>
          </ValueDistributionItem>
          <ValueDistributionItem>
            <Value>2018-11-26T00:00:00.0000000</Value>
            <Count>1</Count>
          </ValueDistributionItem>
          <ValueDistributionItem>
            <Value>2018-11-27T00:00:00.0000000</Value>
            <Count>1</Count>
          </ValueDistributionItem>
          <ValueDistributionItem>
            <Value>2018-11-28T00:00:00.0000000</Value>
            <Count>1</Count>
          </ValueDistributionItem>
          <ValueDistributionItem>
            <Value>2018-11-29T00:00:00.0000000</Value>
            <Count>1</Count>
          </ValueDistributionItem>
          <ValueDistributionItem>
            <Value>2018-11-30T00:00:00.0000000</Value>
            <Count>1</Count>
          </ValueDistributionItem>
          <ValueDistributionItem>
            <Value>2018-12-01T00:00:00.0000000</Value>
            <Count>1</Count>
          </ValueDistributionItem>
          <ValueDistributionItem>
            <Value>2018-12-02T00:00:00.0000000</Value>
            <Count>1</Count>
          </ValueDistributionItem>
          <ValueDistributionItem>
            <Value>2018-12-03T00:00:00.0000000</Value>
            <Count>1</Count>
          </ValueDistributionItem>
          <ValueDistributionItem>
            <Value>2018-12-04T00:00:00.0000000</Value>
            <Count>1</Count>
          </ValueDistributionItem>
          <ValueDistributionItem>
            <Value>2018-12-05T00:00:00.0000000</Value>
            <Count>1</Count>
          </ValueDistributionItem>
          <ValueDistributionItem>
            <Value>2018-12-06T00:00:00.0000000</Value>
            <Count>1</Count>
          </ValueDistributionItem>
          <ValueDistributionItem>
            <Value>2018-12-07T00:00:00.0000000</Value>
            <Count>1</Count>
          </ValueDistributionItem>
          <ValueDistributionItem>
            <Value>2018-12-08T00:00:00.0000000</Value>
            <Count>1</Count>
          </ValueDistributionItem>
        </ValueDistribution>
      </ColumnValueDistributionProfile>
      <CandidateKeyProfile IsExact="true" ProfileRequestID="KeyReq">
        <DataSourceID>{98409BE9-77EE-45F4-B4D6-4741E4769BAE}</DataSourceID>
        <Table DataSource="DESKTOP-1ASOIN7" Database="Insurance_DWH" Schema="dbo" Table="dim_customer" RowCount="18" />
        <KeyColumns>
          <Column Name="end_Date" SqlDbType="Date" MaxLength="0" Precision="255" Scale="255" LCID="-1" CodePage="0" IsNullable="true" StringCompareOptions="0" />
        </KeyColumns>
        <IsExactKey>true</IsExactKey>
      </CandidateKeyProfile>
      <ColumnValueDistributionProfile IsExact="true" ProfileRequestID="ValueDistReq">
        <DataSourceID>{98409BE9-77EE-45F4-B4D6-4741E4769BAE}</DataSourceID>
        <Table DataSource="DESKTOP-1ASOIN7" Database="Insurance_DWH" Schema="dbo" Table="dim_customer" RowCount="18" />
        <Column Name="end_Date" SqlDbType="Date" MaxLength="0" Precision="255" Scale="255" LCID="-1" CodePage="0" IsNullable="true" StringCompareOptions="0" />
        <NumberOfDistinctValues>18</NumberOfDistinctValues>
        <ValueDistribution>
          <ValueDistributionItem>
            <Value>2019-01-21T00:00:00.0000000</Value>
            <Count>1</Count>
          </ValueDistributionItem>
          <ValueDistributionItem>
            <Value>2019-01-22T00:00:00.0000000</Value>
            <Count>1</Count>
          </ValueDistributionItem>
          <ValueDistributionItem>
            <Value>2019-01-23T00:00:00.0000000</Value>
            <Count>1</Count>
          </ValueDistributionItem>
          <ValueDistributionItem>
            <Value>2019-01-24T00:00:00.0000000</Value>
            <Count>1</Count>
          </ValueDistributionItem>
          <ValueDistributionItem>
            <Value>2019-01-25T00:00:00.0000000</Value>
            <Count>1</Count>
          </ValueDistributionItem>
          <ValueDistributionItem>
            <Value>2019-01-26T00:00:00.0000000</Value>
            <Count>1</Count>
          </ValueDistributionItem>
          <ValueDistributionItem>
            <Value>2019-01-27T00:00:00.0000000</Value>
            <Count>1</Count>
          </ValueDistributionItem>
          <ValueDistributionItem>
            <Value>2019-01-28T00:00:00.0000000</Value>
            <Count>1</Count>
          </ValueDistributionItem>
          <ValueDistributionItem>
            <Value>2019-01-29T00:00:00.0000000</Value>
            <Count>1</Count>
          </ValueDistributionItem>
          <ValueDistributionItem>
            <Value>2019-01-30T00:00:00.0000000</Value>
            <Count>1</Count>
          </ValueDistributionItem>
          <ValueDistributionItem>
            <Value>2019-01-31T00:00:00.0000000</Value>
            <Count>1</Count>
          </ValueDistributionItem>
          <ValueDistributionItem>
            <Value>2019-02-01T00:00:00.0000000</Value>
            <Count>1</Count>
          </ValueDistributionItem>
          <ValueDistributionItem>
            <Value>2019-02-02T00:00:00.0000000</Value>
            <Count>1</Count>
          </ValueDistributionItem>
          <ValueDistributionItem>
            <Value>2019-02-03T00:00:00.0000000</Value>
            <Count>1</Count>
          </ValueDistributionItem>
          <ValueDistributionItem>
            <Value>2019-02-04T00:00:00.0000000</Value>
            <Count>1</Count>
          </ValueDistributionItem>
          <ValueDistributionItem>
            <Value>2019-02-05T00:00:00.0000000</Value>
            <Count>1</Count>
          </ValueDistributionItem>
          <ValueDistributionItem>
            <Value>2019-02-06T00:00:00.0000000</Value>
            <Count>1</Count>
          </ValueDistributionItem>
          <ValueDistributionItem>
            <Value>2019-02-07T00:00:00.0000000</Value>
            <Count>1</Count>
          </ValueDistributionItem>
        </ValueDistribution>
      </ColumnValueDistributionProfile>
    </Profiles>
  </DataProfileOutput>
</DataProfile>