<?xml version="1.0"?>
<DataProfile xmlns:xsi="http://www.w3.org/2001/XMLSchema-instance" xmlns:xsd="http://www.w3.org/2001/XMLSchema" xmlns="http://schemas.microsoft.com/sqlserver/2008/DataDebugger/">
  <ProfileVersion>1.0</ProfileVersion>
  <DataSources>
    <DtsDataSource ID="{464990C5-E6BC-460C-A9D4-23F72CB7D4B7}" Name="DataProfiling-dimProduct.xml">
      <DtsConnectionManagerID>DataProfiling-dimProduct.xml</DtsConnectionManagerID>
    </DtsDataSource>
    <DtsDataSource ID="{A81229E4-55C4-48D2-A5CC-94AE47202AEF}" Name="DESKTOP-1ASOIN7.Insurance_DWH">
      <DtsConnectionManagerID>DESKTOP-1ASOIN7.Insurance_DWH</DtsConnectionManagerID>
    </DtsDataSource>
  </DataSources>
  <DataProfileInput>
    <ProfileMode>Exact</ProfileMode>
    <Timeout>0</Timeout>
    <Requests>
      <ColumnNullRatioProfileRequest ID="NullRatioReq">
        <DataSourceID>{A81229E4-55C4-48D2-A5CC-94AE47202AEF}</DataSourceID>
        <Table Schema="dbo" Table="dim_product" />
        <Column IsWildCard="true" />
      </ColumnNullRatioProfileRequest>
      <ColumnStatisticsProfileRequest ID="StatisticsReq">
        <DataSourceID>{A81229E4-55C4-48D2-A5CC-94AE47202AEF}</DataSourceID>
        <Table Schema="dbo" Table="dim_product" />
        <Column IsWildCard="true" />
      </ColumnStatisticsProfileRequest>
      <ColumnLengthDistributionProfileRequest ID="LengthDistReq">
        <DataSourceID>{A81229E4-55C4-48D2-A5CC-94AE47202AEF}</DataSourceID>
        <Table Schema="dbo" Table="dim_product" />
        <Column IsWildCard="true" />
        <IgnoreLeadingSpace>false</IgnoreLeadingSpace>
        <IgnoreTrailingSpace>true</IgnoreTrailingSpace>
      </ColumnLengthDistributionProfileRequest>
      <ColumnValueDistributionProfileRequest ID="ValueDistReq">
        <DataSourceID>{A81229E4-55C4-48D2-A5CC-94AE47202AEF}</DataSourceID>
        <Table Schema="dbo" Table="dim_product" />
        <Column IsWildCard="true" />
        <Option>FrequentValues</Option>
        <FrequentValueThreshold>0.001</FrequentValueThreshold>
      </ColumnValueDistributionProfileRequest>
      <CandidateKeyProfileRequest ID="KeyReq">
        <DataSourceID>{A81229E4-55C4-48D2-A5CC-94AE47202AEF}</DataSourceID>
        <Table Schema="dbo" Table="dim_product" />
        <KeyColumns>
          <Column IsWildCard="true" />
        </KeyColumns>
        <ThresholdSetting>Specified</ThresholdSetting>
        <KeyStrengthThreshold>0.95</KeyStrengthThreshold>
        <VerifyOutputInFastMode>false</VerifyOutputInFastMode>
        <MaxNumberOfViolations>100</MaxNumberOfViolations>
      </CandidateKeyProfileRequest>
    </Requests>
  </DataProfileInput>
  <DataProfileOutput>
    <Profiles>
      <ColumnNullRatioProfile ProfileRequestID="NullRatioReq" IsExact="true">
        <DataSourceID>{A81229E4-55C4-48D2-A5CC-94AE47202AEF}</DataSourceID>
        <Table DataSource="DESKTOP-1ASOIN7" Database="Insurance_DWH" Schema="dbo" Table="dim_product" RowCount="-1" />
        <Column Name="product_Id" SqlDbType="Int" MaxLength="0" Precision="10" Scale="0" LCID="-1" CodePage="0" IsNullable="false" StringCompareOptions="0" />
        <NullCount>0</NullCount>
      </ColumnNullRatioProfile>
      <CandidateKeyProfile IsExact="true" ProfileRequestID="KeyReq">
        <DataSourceID>{A81229E4-55C4-48D2-A5CC-94AE47202AEF}</DataSourceID>
        <Table DataSource="DESKTOP-1ASOIN7" Database="Insurance_DWH" Schema="dbo" Table="dim_product" RowCount="-1" />
        <KeyColumns>
          <Column Name="product_Id" SqlDbType="Int" MaxLength="0" Precision="10" Scale="0" LCID="-1" CodePage="0" IsNullable="false" StringCompareOptions="0" />
        </KeyColumns>
        <IsExactKey>true</IsExactKey>
      </CandidateKeyProfile>
      <ColumnNullRatioProfile ProfileRequestID="NullRatioReq" IsExact="true">
        <DataSourceID>{A81229E4-55C4-48D2-A5CC-94AE47202AEF}</DataSourceID>
        <Table DataSource="DESKTOP-1ASOIN7" Database="Insurance_DWH" Schema="dbo" Table="dim_product" RowCount="18" />
        <Column Name="product_Name" SqlDbType="VarChar" MaxLength="20" Precision="255" Scale="255" LCID="1033" CodePage="0" IsNullable="true" StringCompareOptions="0" />
        <NullCount>0</NullCount>
      </ColumnNullRatioProfile>
      <ColumnNullRatioProfile ProfileRequestID="NullRatioReq" IsExact="true">
        <DataSourceID>{A81229E4-55C4-48D2-A5CC-94AE47202AEF}</DataSourceID>
        <Table DataSource="DESKTOP-1ASOIN7" Database="Insurance_DWH" Schema="dbo" Table="dim_product" RowCount="18" />
        <Column Name="start_Date" SqlDbType="Date" MaxLength="0" Precision="255" Scale="255" LCID="-1" CodePage="0" IsNullable="true" StringCompareOptions="0" />
        <NullCount>0</NullCount>
      </ColumnNullRatioProfile>
      <ColumnNullRatioProfile ProfileRequestID="NullRatioReq" IsExact="true">
        <DataSourceID>{A81229E4-55C4-48D2-A5CC-94AE47202AEF}</DataSourceID>
        <Table DataSource="DESKTOP-1ASOIN7" Database="Insurance_DWH" Schema="dbo" Table="dim_product" RowCount="18" />
        <Column Name="end_Date" SqlDbType="Date" MaxLength="0" Precision="255" Scale="255" LCID="-1" CodePage="0" IsNullable="true" StringCompareOptions="0" />
        <NullCount>0</NullCount>
      </ColumnNullRatioProfile>
      <ColumnStatisticsProfile IsExact="true" ProfileRequestID="StatisticsReq">
        <DataSourceID>{A81229E4-55C4-48D2-A5CC-94AE47202AEF}</DataSourceID>
        <Table DataSource="DESKTOP-1ASOIN7" Database="Insurance_DWH" Schema="dbo" Table="dim_product" RowCount="18" />
        <Column Name="product_Id" SqlDbType="Int" MaxLength="0" Precision="10" Scale="0" LCID="-1" CodePage="0" IsNullable="false" StringCompareOptions="0" />
        <MinValue>1</MinValue>
        <MaxValue>18</MaxValue>
        <Mean>9.5</Mean>
        <StdDev>5.18812747209113</StdDev>
      </ColumnStatisticsProfile>
      <ColumnStatisticsProfile IsExact="true" ProfileRequestID="StatisticsReq">
        <DataSourceID>{A81229E4-55C4-48D2-A5CC-94AE47202AEF}</DataSourceID>
        <Table DataSource="DESKTOP-1ASOIN7" Database="Insurance_DWH" Schema="dbo" Table="dim_product" RowCount="18" />
        <Column Name="start_Date" SqlDbType="Date" MaxLength="0" Precision="255" Scale="255" LCID="-1" CodePage="0" IsNullable="true" StringCompareOptions="0" />
        <MinValue>2018-10-23T00:00:00.0000000</MinValue>
        <MaxValue>2018-11-20T00:00:00.0000000</MaxValue>
      </ColumnStatisticsProfile>
      <ColumnStatisticsProfile IsExact="true" ProfileRequestID="StatisticsReq">
        <DataSourceID>{A81229E4-55C4-48D2-A5CC-94AE47202AEF}</DataSourceID>
        <Table DataSource="DESKTOP-1ASOIN7" Database="Insurance_DWH" Schema="dbo" Table="dim_product" RowCount="18" />
        <Column Name="end_Date" SqlDbType="Date" MaxLength="0" Precision="255" Scale="255" LCID="-1" CodePage="0" IsNullable="true" StringCompareOptions="0" />
        <MinValue>2018-12-21T00:00:00.0000000</MinValue>
        <MaxValue>2019-01-07T00:00:00.0000000</MaxValue>
      </ColumnStatisticsProfile>
      <ColumnLengthDistributionProfile ProfileRequestID="LengthDistReq" IsExact="true">
        <DataSourceID>{A81229E4-55C4-48D2-A5CC-94AE47202AEF}</DataSourceID>
        <Table DataSource="DESKTOP-1ASOIN7" Database="Insurance_DWH" Schema="dbo" Table="dim_product" RowCount="18" />
        <Column Name="product_Name" SqlDbType="VarChar" MaxLength="20" Precision="255" Scale="255" LCID="1033" CodePage="0" IsNullable="true" StringCompareOptions="0" />
        <IgnoreLeadingSpace>false</IgnoreLeadingSpace>
        <IgnoreTrailingSpace>true</IgnoreTrailingSpace>
        <MinLength>3</MinLength>
        <MaxLength>8</MaxLength>
        <LengthDistribution>
          <LengthDistributionItem>
            <Length>3</Length>
            <Count>3</Count>
          </LengthDistributionItem>
          <LengthDistributionItem>
            <Length>4</Length>
            <Count>3</Count>
          </LengthDistributionItem>
          <LengthDistributionItem>
            <Length>5</Length>
            <Count>5</Count>
          </LengthDistributionItem>
          <LengthDistributionItem>
            <Length>6</Length>
            <Count>6</Count>
          </LengthDistributionItem>
          <LengthDistributionItem>
            <Length>8</Length>
            <Count>1</Count>
          </LengthDistributionItem>
        </LengthDistribution>
      </ColumnLengthDistributionProfile>
      <ColumnValueDistributionProfile IsExact="true" ProfileRequestID="ValueDistReq">
        <DataSourceID>{A81229E4-55C4-48D2-A5CC-94AE47202AEF}</DataSourceID>
        <Table DataSource="DESKTOP-1ASOIN7" Database="Insurance_DWH" Schema="dbo" Table="dim_product" RowCount="18" />
        <Column Name="product_Id" SqlDbType="Int" MaxLength="0" Precision="10" Scale="0" LCID="-1" CodePage="0" IsNullable="false" StringCompareOptions="0" />
        <NumberOfDistinctValues>18</NumberOfDistinctValues>
        <ValueDistribution>
          <ValueDistributionItem>
            <Value>1</Value>
            <Count>1</Count>
          </ValueDistributionItem>
          <ValueDistributionItem>
            <Value>2</Value>
            <Count>1</Count>
          </ValueDistributionItem>
          <ValueDistributionItem>
            <Value>3</Value>
            <Count>1</Count>
          </ValueDistributionItem>
          <ValueDistributionItem>
            <Value>4</Value>
            <Count>1</Count>
          </ValueDistributionItem>
          <ValueDistributionItem>
            <Value>5</Value>
            <Count>1</Count>
          </ValueDistributionItem>
          <ValueDistributionItem>
            <Value>6</Value>
            <Count>1</Count>
          </ValueDistributionItem>
          <ValueDistributionItem>
            <Value>7</Value>
            <Count>1</Count>
          </ValueDistributionItem>
          <ValueDistributionItem>
            <Value>8</Value>
            <Count>1</Count>
          </ValueDistributionItem>
          <ValueDistributionItem>
            <Value>9</Value>
            <Count>1</Count>
          </ValueDistributionItem>
          <ValueDistributionItem>
            <Value>10</Value>
            <Count>1</Count>
          </ValueDistributionItem>
          <ValueDistributionItem>
            <Value>11</Value>
            <Count>1</Count>
          </ValueDistributionItem>
          <ValueDistributionItem>
            <Value>12</Value>
            <Count>1</Count>
          </ValueDistributionItem>
          <ValueDistributionItem>
            <Value>13</Value>
            <Count>1</Count>
          </ValueDistributionItem>
          <ValueDistributionItem>
            <Value>14</Value>
            <Count>1</Count>
          </ValueDistributionItem>
          <ValueDistributionItem>
            <Value>15</Value>
            <Count>1</Count>
          </ValueDistributionItem>
          <ValueDistributionItem>
            <Value>16</Value>
            <Count>1</Count>
          </ValueDistributionItem>
          <ValueDistributionItem>
            <Value>17</Value>
            <Count>1</Count>
          </ValueDistributionItem>
          <ValueDistributionItem>
            <Value>18</Value>
            <Count>1</Count>
          </ValueDistributionItem>
        </ValueDistribution>
      </ColumnValueDistributionProfile>
      <ColumnValueDistributionProfile IsExact="true" ProfileRequestID="ValueDistReq">
        <DataSourceID>{A81229E4-55C4-48D2-A5CC-94AE47202AEF}</DataSourceID>
        <Table DataSource="DESKTOP-1ASOIN7" Database="Insurance_DWH" Schema="dbo" Table="dim_product" RowCount="18" />
        <Column Name="product_Name" SqlDbType="VarChar" MaxLength="20" Precision="255" Scale="255" LCID="1033" CodePage="0" IsNullable="true" StringCompareOptions="0" />
        <NumberOfDistinctValues>9</NumberOfDistinctValues>
        <ValueDistribution>
          <ValueDistributionItem>
            <Value>Bike</Value>
            <Count>2</Count>
          </ValueDistributionItem>
          <ValueDistributionItem>
            <Value>Car</Value>
            <Count>3</Count>
          </ValueDistributionItem>
          <ValueDistributionItem>
            <Value>Cycle</Value>
            <Count>1</Count>
          </ValueDistributionItem>
          <ValueDistributionItem>
            <Value>Health</Value>
            <Count>3</Count>
          </ValueDistributionItem>
          <ValueDistributionItem>
            <Value>Life</Value>
            <Count>1</Count>
          </ValueDistributionItem>
          <ValueDistributionItem>
            <Value>Mobile</Value>
            <Count>1</Count>
          </ValueDistributionItem>
          <ValueDistributionItem>
            <Value>Motor</Value>
            <Count>4</Count>
          </ValueDistributionItem>
          <ValueDistributionItem>
            <Value>Property</Value>
            <Count>1</Count>
          </ValueDistributionItem>
          <ValueDistributionItem>
            <Value>Travel</Value>
            <Count>2</Count>
          </ValueDistributionItem>
        </ValueDistribution>
      </ColumnValueDistributionProfile>
      <CandidateKeyProfile IsExact="true" ProfileRequestID="KeyReq">
        <DataSourceID>{A81229E4-55C4-48D2-A5CC-94AE47202AEF}</DataSourceID>
        <Table DataSource="DESKTOP-1ASOIN7" Database="Insurance_DWH" Schema="dbo" Table="dim_product" RowCount="18" />
        <KeyColumns>
          <Column Name="start_Date" SqlDbType="Date" MaxLength="0" Precision="255" Scale="255" LCID="-1" CodePage="0" IsNullable="true" StringCompareOptions="0" />
        </KeyColumns>
        <IsExactKey>true</IsExactKey>
      </CandidateKeyProfile>
      <ColumnValueDistributionProfile IsExact="true" ProfileRequestID="ValueDistReq">
        <DataSourceID>{A81229E4-55C4-48D2-A5CC-94AE47202AEF}</DataSourceID>
        <Table DataSource="DESKTOP-1ASOIN7" Database="Insurance_DWH" Schema="dbo" Table="dim_product" RowCount="18" />
        <Column Name="start_Date" SqlDbType="Date" MaxLength="0" Precision="255" Scale="255" LCID="-1" CodePage="0" IsNullable="true" StringCompareOptions="0" />
        <NumberOfDistinctValues>18</NumberOfDistinctValues>
        <ValueDistribution>
          <ValueDistributionItem>
            <Value>2018-10-23T00:00:00.0000000</Value>
            <Count>1</Count>
          </ValueDistributionItem>
          <ValueDistributionItem>
            <Value>2018-10-24T00:00:00.0000000</Value>
            <Count>1</Count>
          </ValueDistributionItem>
          <ValueDistributionItem>
            <Value>2018-10-25T00:00:00.0000000</Value>
            <Count>1</Count>
          </ValueDistributionItem>
          <ValueDistributionItem>
            <Value>2018-10-26T00:00:00.0000000</Value>
            <Count>1</Count>
          </ValueDistributionItem>
          <ValueDistributionItem>
            <Value>2018-10-27T00:00:00.0000000</Value>
            <Count>1</Count>
          </ValueDistributionItem>
          <ValueDistributionItem>
            <Value>2018-10-28T00:00:00.0000000</Value>
            <Count>1</Count>
          </ValueDistributionItem>
          <ValueDistributionItem>
            <Value>2018-10-29T00:00:00.0000000</Value>
            <Count>1</Count>
          </ValueDistributionItem>
          <ValueDistributionItem>
            <Value>2018-10-30T00:00:00.0000000</Value>
            <Count>1</Count>
          </ValueDistributionItem>
          <ValueDistributionItem>
            <Value>2018-10-31T00:00:00.0000000</Value>
            <Count>1</Count>
          </ValueDistributionItem>
          <ValueDistributionItem>
            <Value>2018-11-01T00:00:00.0000000</Value>
            <Count>1</Count>
          </ValueDistributionItem>
          <ValueDistributionItem>
            <Value>2018-11-02T00:00:00.0000000</Value>
            <Count>1</Count>
          </ValueDistributionItem>
          <ValueDistributionItem>
            <Value>2018-11-03T00:00:00.0000000</Value>
            <Count>1</Count>
          </ValueDistributionItem>
          <ValueDistributionItem>
            <Value>2018-11-04T00:00:00.0000000</Value>
            <Count>1</Count>
          </ValueDistributionItem>
          <ValueDistributionItem>
            <Value>2018-11-05T00:00:00.0000000</Value>
            <Count>1</Count>
          </ValueDistributionItem>
          <ValueDistributionItem>
            <Value>2018-11-06T00:00:00.0000000</Value>
            <Count>1</Count>
          </ValueDistributionItem>
          <ValueDistributionItem>
            <Value>2018-11-07T00:00:00.0000000</Value>
            <Count>1</Count>
          </ValueDistributionItem>
          <ValueDistributionItem>
            <Value>2018-11-08T00:00:00.0000000</Value>
            <Count>1</Count>
          </ValueDistributionItem>
          <ValueDistributionItem>
            <Value>2018-11-20T00:00:00.0000000</Value>
            <Count>1</Count>
          </ValueDistributionItem>
        </ValueDistribution>
      </ColumnValueDistributionProfile>
      <CandidateKeyProfile IsExact="true" ProfileRequestID="KeyReq">
        <DataSourceID>{A81229E4-55C4-48D2-A5CC-94AE47202AEF}</DataSourceID>
        <Table DataSource="DESKTOP-1ASOIN7" Database="Insurance_DWH" Schema="dbo" Table="dim_product" RowCount="18" />
        <KeyColumns>
          <Column Name="end_Date" SqlDbType="Date" MaxLength="0" Precision="255" Scale="255" LCID="-1" CodePage="0" IsNullable="true" StringCompareOptions="0" />
        </KeyColumns>
        <IsExactKey>true</IsExactKey>
      </CandidateKeyProfile>
      <ColumnValueDistributionProfile IsExact="true" ProfileRequestID="ValueDistReq">
        <DataSourceID>{A81229E4-55C4-48D2-A5CC-94AE47202AEF}</DataSourceID>
        <Table DataSource="DESKTOP-1ASOIN7" Database="Insurance_DWH" Schema="dbo" Table="dim_product" RowCount="18" />
        <Column Name="end_Date" SqlDbType="Date" MaxLength="0" Precision="255" Scale="255" LCID="-1" CodePage="0" IsNullable="true" StringCompareOptions="0" />
        <NumberOfDistinctValues>18</NumberOfDistinctValues>
        <ValueDistribution>
          <ValueDistributionItem>
            <Value>2018-12-21T00:00:00.0000000</Value>
            <Count>1</Count>
          </ValueDistributionItem>
          <ValueDistributionItem>
            <Value>2018-12-22T00:00:00.0000000</Value>
            <Count>1</Count>
          </ValueDistributionItem>
          <ValueDistributionItem>
            <Value>2018-12-23T00:00:00.0000000</Value>
            <Count>1</Count>
          </ValueDistributionItem>
          <ValueDistributionItem>
            <Value>2018-12-24T00:00:00.0000000</Value>
            <Count>1</Count>
          </ValueDistributionItem>
          <ValueDistributionItem>
            <Value>2018-12-25T00:00:00.0000000</Value>
            <Count>1</Count>
          </ValueDistributionItem>
          <ValueDistributionItem>
            <Value>2018-12-26T00:00:00.0000000</Value>
            <Count>1</Count>
          </ValueDistributionItem>
          <ValueDistributionItem>
            <Value>2018-12-27T00:00:00.0000000</Value>
            <Count>1</Count>
          </ValueDistributionItem>
          <ValueDistributionItem>
            <Value>2018-12-28T00:00:00.0000000</Value>
            <Count>1</Count>
          </ValueDistributionItem>
          <ValueDistributionItem>
            <Value>2018-12-29T00:00:00.0000000</Value>
            <Count>1</Count>
          </ValueDistributionItem>
          <ValueDistributionItem>
            <Value>2018-12-30T00:00:00.0000000</Value>
            <Count>1</Count>
          </ValueDistributionItem>
          <ValueDistributionItem>
            <Value>2018-12-31T00:00:00.0000000</Value>
            <Count>1</Count>
          </ValueDistributionItem>
          <ValueDistributionItem>
            <Value>2019-01-01T00:00:00.0000000</Value>
            <Count>1</Count>
          </ValueDistributionItem>
          <ValueDistributionItem>
            <Value>2019-01-02T00:00:00.0000000</Value>
            <Count>1</Count>
          </ValueDistributionItem>
          <ValueDistributionItem>
            <Value>2019-01-03T00:00:00.0000000</Value>
            <Count>1</Count>
          </ValueDistributionItem>
          <ValueDistributionItem>
            <Value>2019-01-04T00:00:00.0000000</Value>
            <Count>1</Count>
          </ValueDistributionItem>
          <ValueDistributionItem>
            <Value>2019-01-05T00:00:00.0000000</Value>
            <Count>1</Count>
          </ValueDistributionItem>
          <ValueDistributionItem>
            <Value>2019-01-06T00:00:00.0000000</Value>
            <Count>1</Count>
          </ValueDistributionItem>
          <ValueDistributionItem>
            <Value>2019-01-07T00:00:00.0000000</Value>
            <Count>1</Count>
          </ValueDistributionItem>
        </ValueDistribution>
      </ColumnValueDistributionProfile>
    </Profiles>
  </DataProfileOutput>
</DataProfile>