<?xml version="1.0"?>
<DataProfile xmlns:xsi="http://www.w3.org/2001/XMLSchema-instance" xmlns:xsd="http://www.w3.org/2001/XMLSchema" xmlns="http://schemas.microsoft.com/sqlserver/2008/DataDebugger/">
  <ProfileVersion>1.0</ProfileVersion>
  <DataSources>
    <DtsDataSource ID="{3C06B827-0EE2-4B3E-8A25-831576B02427}" Name="DESKTOP-1ASOIN7.Sales_DW">
      <DtsConnectionManagerID>DESKTOP-1ASOIN7.Sales_DW</DtsConnectionManagerID>
    </DtsDataSource>
    <DtsDataSource ID="{C78FE7EA-B150-4404-92AC-59BDDFE6DB37}" Name="Output.xml">
      <DtsConnectionManagerID>Output.xml</DtsConnectionManagerID>
    </DtsDataSource>
  </DataSources>
  <DataProfileInput>
    <ProfileMode>Exact</ProfileMode>
    <Timeout>0</Timeout>
    <Requests>
      <CandidateKeyProfileRequest ID="KeyReq">
        <DataSourceID>{3C06B827-0EE2-4B3E-8A25-831576B02427}</DataSourceID>
        <Table Schema="dbo" Table="DimCustomer" />
        <KeyColumns>
          <Column IsWildCard="true" />
        </KeyColumns>
        <ThresholdSetting>Specified</ThresholdSetting>
        <KeyStrengthThreshold>0.95</KeyStrengthThreshold>
        <VerifyOutputInFastMode>false</VerifyOutputInFastMode>
        <MaxNumberOfViolations>100</MaxNumberOfViolations>
      </CandidateKeyProfileRequest>
      <ColumnLengthDistributionProfileRequest ID="LengthDistReq">
        <DataSourceID>{3C06B827-0EE2-4B3E-8A25-831576B02427}</DataSourceID>
        <Table Schema="dbo" Table="DimCustomer" />
        <Column IsWildCard="true" />
        <IgnoreLeadingSpace>false</IgnoreLeadingSpace>
        <IgnoreTrailingSpace>true</IgnoreTrailingSpace>
      </ColumnLengthDistributionProfileRequest>
      <ColumnNullRatioProfileRequest ID="NullRatioReq">
        <DataSourceID>{3C06B827-0EE2-4B3E-8A25-831576B02427}</DataSourceID>
        <Table Schema="dbo" Table="DimCustomer" />
        <Column IsWildCard="true" />
      </ColumnNullRatioProfileRequest>
      <ColumnStatisticsProfileRequest ID="StatisticsReq">
        <DataSourceID>{3C06B827-0EE2-4B3E-8A25-831576B02427}</DataSourceID>
        <Table Schema="dbo" Table="DimCustomer" />
        <Column IsWildCard="true" />
      </ColumnStatisticsProfileRequest>
      <ColumnValueDistributionProfileRequest ID="ValueDistReq">
        <DataSourceID>{3C06B827-0EE2-4B3E-8A25-831576B02427}</DataSourceID>
        <Table Schema="dbo" Table="DimCustomer" />
        <Column IsWildCard="true" />
        <Option>AllValues</Option>
        <FrequentValueThreshold>0.001</FrequentValueThreshold>
      </ColumnValueDistributionProfileRequest>
    </Requests>
  </DataProfileInput>
  <DataProfileOutput>
    <Profiles>
      <CandidateKeyProfile IsExact="true" ProfileRequestID="KeyReq">
        <DataSourceID>{3C06B827-0EE2-4B3E-8A25-831576B02427}</DataSourceID>
        <Table DataSource="DESKTOP-1ASOIN7" Database="Sales_DW" Schema="dbo" Table="DimCustomer" RowCount="-1" />
        <KeyColumns>
          <Column Name="CustomerID" SqlDbType="Int" MaxLength="0" Precision="10" Scale="0" LCID="-1" CodePage="0" IsNullable="false" StringCompareOptions="0" />
        </KeyColumns>
        <IsExactKey>true</IsExactKey>
      </CandidateKeyProfile>
      <ColumnNullRatioProfile ProfileRequestID="NullRatioReq" IsExact="true">
        <DataSourceID>{3C06B827-0EE2-4B3E-8A25-831576B02427}</DataSourceID>
        <Table DataSource="DESKTOP-1ASOIN7" Database="Sales_DW" Schema="dbo" Table="DimCustomer" RowCount="-1" />
        <Column Name="CustomerID" SqlDbType="Int" MaxLength="0" Precision="10" Scale="0" LCID="-1" CodePage="0" IsNullable="false" StringCompareOptions="0" />
        <NullCount>0</NullCount>
      </ColumnNullRatioProfile>
      <ColumnNullRatioProfile ProfileRequestID="NullRatioReq" IsExact="true">
        <DataSourceID>{3C06B827-0EE2-4B3E-8A25-831576B02427}</DataSourceID>
        <Table DataSource="DESKTOP-1ASOIN7" Database="Sales_DW" Schema="dbo" Table="DimCustomer" RowCount="-1" />
        <Column Name="CustomerAltID" SqlDbType="VarChar" MaxLength="10" Precision="255" Scale="255" LCID="1033" CodePage="0" IsNullable="false" StringCompareOptions="0" />
        <NullCount>0</NullCount>
      </ColumnNullRatioProfile>
      <ColumnValueDistributionProfile IsExact="true" ProfileRequestID="ValueDistReq">
        <DataSourceID>{3C06B827-0EE2-4B3E-8A25-831576B02427}</DataSourceID>
        <Table DataSource="DESKTOP-1ASOIN7" Database="Sales_DW" Schema="dbo" Table="DimCustomer" RowCount="5" />
        <Column Name="CustomerAltID" SqlDbType="VarChar" MaxLength="10" Precision="255" Scale="255" LCID="1033" CodePage="0" IsNullable="false" StringCompareOptions="0" />
        <NumberOfDistinctValues>5</NumberOfDistinctValues>
        <ValueDistribution>
          <ValueDistributionItem>
            <Value>IMI-001</Value>
            <Count>1</Count>
          </ValueDistributionItem>
          <ValueDistributionItem>
            <Value>IMI-002</Value>
            <Count>1</Count>
          </ValueDistributionItem>
          <ValueDistributionItem>
            <Value>IMI-003</Value>
            <Count>1</Count>
          </ValueDistributionItem>
          <ValueDistributionItem>
            <Value>IMI-004</Value>
            <Count>1</Count>
          </ValueDistributionItem>
          <ValueDistributionItem>
            <Value>IMI-005</Value>
            <Count>1</Count>
          </ValueDistributionItem>
        </ValueDistribution>
      </ColumnValueDistributionProfile>
      <CandidateKeyProfile IsExact="true" ProfileRequestID="KeyReq">
        <DataSourceID>{3C06B827-0EE2-4B3E-8A25-831576B02427}</DataSourceID>
        <Table DataSource="DESKTOP-1ASOIN7" Database="Sales_DW" Schema="dbo" Table="DimCustomer" RowCount="5" />
        <KeyColumns>
          <Column Name="CustomerAltID" SqlDbType="VarChar" MaxLength="10" Precision="255" Scale="255" LCID="1033" CodePage="0" IsNullable="false" StringCompareOptions="0" />
        </KeyColumns>
        <IsExactKey>true</IsExactKey>
      </CandidateKeyProfile>
      <ColumnValueDistributionProfile IsExact="true" ProfileRequestID="ValueDistReq">
        <DataSourceID>{3C06B827-0EE2-4B3E-8A25-831576B02427}</DataSourceID>
        <Table DataSource="DESKTOP-1ASOIN7" Database="Sales_DW" Schema="dbo" Table="DimCustomer" RowCount="5" />
        <Column Name="CustomerName" SqlDbType="VarChar" MaxLength="50" Precision="255" Scale="255" LCID="1033" CodePage="0" IsNullable="true" StringCompareOptions="0" />
        <NumberOfDistinctValues>5</NumberOfDistinctValues>
        <ValueDistribution>
          <ValueDistributionItem>
            <Value>Bill Gates</Value>
            <Count>1</Count>
          </ValueDistributionItem>
          <ValueDistributionItem>
            <Value>Emma Wattson</Value>
            <Count>1</Count>
          </ValueDistributionItem>
          <ValueDistributionItem>
            <Value>Henry Ford</Value>
            <Count>1</Count>
          </ValueDistributionItem>
          <ValueDistributionItem>
            <Value>Muskan Shaikh</Value>
            <Count>1</Count>
          </ValueDistributionItem>
          <ValueDistributionItem>
            <Value>Richard Thrubin</Value>
            <Count>1</Count>
          </ValueDistributionItem>
        </ValueDistribution>
      </ColumnValueDistributionProfile>
      <CandidateKeyProfile IsExact="true" ProfileRequestID="KeyReq">
        <DataSourceID>{3C06B827-0EE2-4B3E-8A25-831576B02427}</DataSourceID>
        <Table DataSource="DESKTOP-1ASOIN7" Database="Sales_DW" Schema="dbo" Table="DimCustomer" RowCount="5" />
        <KeyColumns>
          <Column Name="CustomerName" SqlDbType="VarChar" MaxLength="50" Precision="255" Scale="255" LCID="1033" CodePage="0" IsNullable="true" StringCompareOptions="0" />
        </KeyColumns>
        <IsExactKey>true</IsExactKey>
      </CandidateKeyProfile>
      <ColumnValueDistributionProfile IsExact="true" ProfileRequestID="ValueDistReq">
        <DataSourceID>{3C06B827-0EE2-4B3E-8A25-831576B02427}</DataSourceID>
        <Table DataSource="DESKTOP-1ASOIN7" Database="Sales_DW" Schema="dbo" Table="DimCustomer" RowCount="5" />
        <Column Name="Gender" SqlDbType="VarChar" MaxLength="20" Precision="255" Scale="255" LCID="1033" CodePage="0" IsNullable="true" StringCompareOptions="0" />
        <NumberOfDistinctValues>2</NumberOfDistinctValues>
        <ValueDistribution>
          <ValueDistributionItem>
            <Value>F</Value>
            <Count>2</Count>
          </ValueDistributionItem>
          <ValueDistributionItem>
            <Value>M</Value>
            <Count>3</Count>
          </ValueDistributionItem>
        </ValueDistribution>
      </ColumnValueDistributionProfile>
      <ColumnValueDistributionProfile IsExact="true" ProfileRequestID="ValueDistReq">
        <DataSourceID>{3C06B827-0EE2-4B3E-8A25-831576B02427}</DataSourceID>
        <Table DataSource="DESKTOP-1ASOIN7" Database="Sales_DW" Schema="dbo" Table="DimCustomer" RowCount="5" />
        <Column Name="CustomerID" SqlDbType="Int" MaxLength="0" Precision="10" Scale="0" LCID="-1" CodePage="0" IsNullable="false" StringCompareOptions="0" />
        <NumberOfDistinctValues>5</NumberOfDistinctValues>
        <ValueDistribution>
          <ValueDistributionItem>
            <Value>1</Value>
            <Count>1</Count>
          </ValueDistributionItem>
          <ValueDistributionItem>
            <Value>2</Value>
            <Count>1</Count>
          </ValueDistributionItem>
          <ValueDistributionItem>
            <Value>3</Value>
            <Count>1</Count>
          </ValueDistributionItem>
          <ValueDistributionItem>
            <Value>4</Value>
            <Count>1</Count>
          </ValueDistributionItem>
          <ValueDistributionItem>
            <Value>5</Value>
            <Count>1</Count>
          </ValueDistributionItem>
        </ValueDistribution>
      </ColumnValueDistributionProfile>
      <ColumnLengthDistributionProfile ProfileRequestID="LengthDistReq" IsExact="true">
        <DataSourceID>{3C06B827-0EE2-4B3E-8A25-831576B02427}</DataSourceID>
        <Table DataSource="DESKTOP-1ASOIN7" Database="Sales_DW" Schema="dbo" Table="DimCustomer" RowCount="5" />
        <Column Name="CustomerAltID" SqlDbType="VarChar" MaxLength="10" Precision="255" Scale="255" LCID="1033" CodePage="0" IsNullable="false" StringCompareOptions="0" />
        <IgnoreLeadingSpace>false</IgnoreLeadingSpace>
        <IgnoreTrailingSpace>true</IgnoreTrailingSpace>
        <MinLength>7</MinLength>
        <MaxLength>7</MaxLength>
        <LengthDistribution>
          <LengthDistributionItem>
            <Length>7</Length>
            <Count>5</Count>
          </LengthDistributionItem>
        </LengthDistribution>
      </ColumnLengthDistributionProfile>
      <ColumnLengthDistributionProfile ProfileRequestID="LengthDistReq" IsExact="true">
        <DataSourceID>{3C06B827-0EE2-4B3E-8A25-831576B02427}</DataSourceID>
        <Table DataSource="DESKTOP-1ASOIN7" Database="Sales_DW" Schema="dbo" Table="DimCustomer" RowCount="5" />
        <Column Name="CustomerName" SqlDbType="VarChar" MaxLength="50" Precision="255" Scale="255" LCID="1033" CodePage="0" IsNullable="true" StringCompareOptions="0" />
        <IgnoreLeadingSpace>false</IgnoreLeadingSpace>
        <IgnoreTrailingSpace>true</IgnoreTrailingSpace>
        <MinLength>10</MinLength>
        <MaxLength>15</MaxLength>
        <LengthDistribution>
          <LengthDistributionItem>
            <Length>10</Length>
            <Count>2</Count>
          </LengthDistributionItem>
          <LengthDistributionItem>
            <Length>12</Length>
            <Count>1</Count>
          </LengthDistributionItem>
          <LengthDistributionItem>
            <Length>13</Length>
            <Count>1</Count>
          </LengthDistributionItem>
          <LengthDistributionItem>
            <Length>15</Length>
            <Count>1</Count>
          </LengthDistributionItem>
        </LengthDistribution>
      </ColumnLengthDistributionProfile>
      <ColumnLengthDistributionProfile ProfileRequestID="LengthDistReq" IsExact="true">
        <DataSourceID>{3C06B827-0EE2-4B3E-8A25-831576B02427}</DataSourceID>
        <Table DataSource="DESKTOP-1ASOIN7" Database="Sales_DW" Schema="dbo" Table="DimCustomer" RowCount="5" />
        <Column Name="Gender" SqlDbType="VarChar" MaxLength="20" Precision="255" Scale="255" LCID="1033" CodePage="0" IsNullable="true" StringCompareOptions="0" />
        <IgnoreLeadingSpace>false</IgnoreLeadingSpace>
        <IgnoreTrailingSpace>true</IgnoreTrailingSpace>
        <MinLength>1</MinLength>
        <MaxLength>1</MaxLength>
        <LengthDistribution>
          <LengthDistributionItem>
            <Length>1</Length>
            <Count>5</Count>
          </LengthDistributionItem>
        </LengthDistribution>
      </ColumnLengthDistributionProfile>
      <ColumnNullRatioProfile ProfileRequestID="NullRatioReq" IsExact="true">
        <DataSourceID>{3C06B827-0EE2-4B3E-8A25-831576B02427}</DataSourceID>
        <Table DataSource="DESKTOP-1ASOIN7" Database="Sales_DW" Schema="dbo" Table="DimCustomer" RowCount="5" />
        <Column Name="CustomerName" SqlDbType="VarChar" MaxLength="50" Precision="255" Scale="255" LCID="1033" CodePage="0" IsNullable="true" StringCompareOptions="0" />
        <NullCount>0</NullCount>
      </ColumnNullRatioProfile>
      <ColumnNullRatioProfile ProfileRequestID="NullRatioReq" IsExact="true">
        <DataSourceID>{3C06B827-0EE2-4B3E-8A25-831576B02427}</DataSourceID>
        <Table DataSource="DESKTOP-1ASOIN7" Database="Sales_DW" Schema="dbo" Table="DimCustomer" RowCount="5" />
        <Column Name="Gender" SqlDbType="VarChar" MaxLength="20" Precision="255" Scale="255" LCID="1033" CodePage="0" IsNullable="true" StringCompareOptions="0" />
        <NullCount>0</NullCount>
      </ColumnNullRatioProfile>
      <ColumnStatisticsProfile IsExact="true" ProfileRequestID="StatisticsReq">
        <DataSourceID>{3C06B827-0EE2-4B3E-8A25-831576B02427}</DataSourceID>
        <Table DataSource="DESKTOP-1ASOIN7" Database="Sales_DW" Schema="dbo" Table="DimCustomer" RowCount="5" />
        <Column Name="CustomerID" SqlDbType="Int" MaxLength="0" Precision="10" Scale="0" LCID="-1" CodePage="0" IsNullable="false" StringCompareOptions="0" />
        <MinValue>1</MinValue>
        <MaxValue>5</MaxValue>
        <Mean>3</Mean>
        <StdDev>1.4142135623731</StdDev>
      </ColumnStatisticsProfile>
    </Profiles>
  </DataProfileOutput>
</DataProfile>