<?xml version="1.0"?>
<DataProfile xmlns:xsi="http://www.w3.org/2001/XMLSchema-instance" xmlns:xsd="http://www.w3.org/2001/XMLSchema" xmlns="http://schemas.microsoft.com/sqlserver/2008/DataDebugger/">
  <ProfileVersion>1.0</ProfileVersion>
  <DataSources>
    <DtsDataSource ID="{3DEF6342-1BA7-43B8-B686-595CEF69EFE5}" Name="DESKTOP-1ASOIN7.AdventureWorks2017">
      <DtsConnectionManagerID>DESKTOP-1ASOIN7.AdventureWorks2017</DtsConnectionManagerID>
    </DtsDataSource>
    <DtsDataSource ID="{CC684171-D706-4215-A266-F5E9E919D4D9}" Name="Output1.xml">
      <DtsConnectionManagerID>Output1.xml</DtsConnectionManagerID>
    </DtsDataSource>
  </DataSources>
  <DataProfileInput>
    <ProfileMode>Exact</ProfileMode>
    <Timeout>0</Timeout>
    <Requests>
      <CandidateKeyProfileRequest ID="KeyReq">
        <DataSourceID>{3DEF6342-1BA7-43B8-B686-595CEF69EFE5}</DataSourceID>
        <Table Schema="Person" Table="BusinessEntity" />
        <KeyColumns>
          <Column IsWildCard="true" />
        </KeyColumns>
        <ThresholdSetting>Specified</ThresholdSetting>
        <KeyStrengthThreshold>0.95</KeyStrengthThreshold>
        <VerifyOutputInFastMode>false</VerifyOutputInFastMode>
        <MaxNumberOfViolations>100</MaxNumberOfViolations>
      </CandidateKeyProfileRequest>
      <ColumnLengthDistributionProfileRequest ID="LengthDistReq">
        <DataSourceID>{3DEF6342-1BA7-43B8-B686-595CEF69EFE5}</DataSourceID>
        <Table Schema="Person" Table="BusinessEntity" />
        <Column IsWildCard="true" />
        <IgnoreLeadingSpace>false</IgnoreLeadingSpace>
        <IgnoreTrailingSpace>true</IgnoreTrailingSpace>
      </ColumnLengthDistributionProfileRequest>
      <ColumnNullRatioProfileRequest ID="NullRatioReq">
        <DataSourceID>{3DEF6342-1BA7-43B8-B686-595CEF69EFE5}</DataSourceID>
        <Table Schema="Person" Table="BusinessEntity" />
        <Column IsWildCard="true" />
      </ColumnNullRatioProfileRequest>
      <ColumnPatternProfileRequest ID="PatternReq">
        <DataSourceID>{3DEF6342-1BA7-43B8-B686-595CEF69EFE5}</DataSourceID>
        <Table Schema="Person" Table="BusinessEntity" />
        <Column IsWildCard="true" />
        <MaxNumberOfPatterns>10</MaxNumberOfPatterns>
        <PercentageDataCoverageDesired>95</PercentageDataCoverageDesired>
        <CaseSensitive>false</CaseSensitive>
        <Delimiters> \t\r\n</Delimiters>
        <Symbols>,.;:-"'`~=&amp;/\\@!?()&lt;&gt;[]{}|#*^%</Symbols>
        <TagTableName />
      </ColumnPatternProfileRequest>
      <ColumnStatisticsProfileRequest ID="StatisticsReq">
        <DataSourceID>{3DEF6342-1BA7-43B8-B686-595CEF69EFE5}</DataSourceID>
        <Table Schema="Person" Table="BusinessEntity" />
        <Column IsWildCard="true" />
      </ColumnStatisticsProfileRequest>
      <ColumnValueDistributionProfileRequest ID="ValueDistReq">
        <DataSourceID>{3DEF6342-1BA7-43B8-B686-595CEF69EFE5}</DataSourceID>
        <Table Schema="Person" Table="BusinessEntity" />
        <Column IsWildCard="true" />
        <Option>FrequentValues</Option>
        <FrequentValueThreshold>0.001</FrequentValueThreshold>
      </ColumnValueDistributionProfileRequest>
      <FunctionalDependencyProfileRequest ID="FDReq">
        <DataSourceID>{3DEF6342-1BA7-43B8-B686-595CEF69EFE5}</DataSourceID>
        <Table Schema="Person" Table="BusinessEntity" />
        <DeterminantColumns>
          <Column IsWildCard="true" />
        </DeterminantColumns>
        <DependentColumn IsWildCard="true" />
        <ThresholdSetting>Specified</ThresholdSetting>
        <FDStrengthThreshold>0.95</FDStrengthThreshold>
        <VerifyOutputInFastMode>false</VerifyOutputInFastMode>
        <MaxNumberOfViolations>100</MaxNumberOfViolations>
      </FunctionalDependencyProfileRequest>
      <InclusionProfileRequest ID="InclusionReq">
        <SubsetDataSourceID>{3DEF6342-1BA7-43B8-B686-595CEF69EFE5}</SubsetDataSourceID>
        <SubsetTable Schema="Person" Table="BusinessEntity" />
        <SubsetColumns>
          <Column IsWildCard="true" />
        </SubsetColumns>
        <SupersetDataSourceID>{3DEF6342-1BA7-43B8-B686-595CEF69EFE5}</SupersetDataSourceID>
        <SupersetTable Schema="Person" Table="BusinessEntity" />
        <SupersetColumns>
          <Column IsWildCard="true" />
        </SupersetColumns>
        <InclusionThresholdSetting>Specified</InclusionThresholdSetting>
        <InclusionStrengthThreshold>0.95</InclusionStrengthThreshold>
        <SupersetColumnsKeyThresholdSetting>Specified</SupersetColumnsKeyThresholdSetting>
        <SupersetColumnsKeyThreshold>0.95</SupersetColumnsKeyThreshold>
        <VerifyOutputInFastMode>false</VerifyOutputInFastMode>
        <MaxNumberOfViolations>100</MaxNumberOfViolations>
      </InclusionProfileRequest>
    </Requests>
  </DataProfileInput>
  <DataProfileOutput>
    <Profiles>
      <CandidateKeyProfile IsExact="true" ProfileRequestID="KeyReq">
        <DataSourceID>{3DEF6342-1BA7-43B8-B686-595CEF69EFE5}</DataSourceID>
        <Table DataSource="DESKTOP-1ASOIN7" Database="AdventureWorks2017" Schema="Person" Table="BusinessEntity" RowCount="-1" />
        <KeyColumns>
          <Column Name="BusinessEntityID" SqlDbType="Int" MaxLength="0" Precision="10" Scale="0" LCID="-1" CodePage="0" IsNullable="false" StringCompareOptions="0" />
        </KeyColumns>
        <IsExactKey>true</IsExactKey>
      </CandidateKeyProfile>
      <ColumnNullRatioProfile ProfileRequestID="NullRatioReq" IsExact="true">
        <DataSourceID>{3DEF6342-1BA7-43B8-B686-595CEF69EFE5}</DataSourceID>
        <Table DataSource="DESKTOP-1ASOIN7" Database="AdventureWorks2017" Schema="Person" Table="BusinessEntity" RowCount="-1" />
        <Column Name="BusinessEntityID" SqlDbType="Int" MaxLength="0" Precision="10" Scale="0" LCID="-1" CodePage="0" IsNullable="false" StringCompareOptions="0" />
        <NullCount>0</NullCount>
      </ColumnNullRatioProfile>
      <ColumnNullRatioProfile ProfileRequestID="NullRatioReq" IsExact="true">
        <DataSourceID>{3DEF6342-1BA7-43B8-B686-595CEF69EFE5}</DataSourceID>
        <Table DataSource="DESKTOP-1ASOIN7" Database="AdventureWorks2017" Schema="Person" Table="BusinessEntity" RowCount="-1" />
        <Column Name="rowguid" SqlDbType="UniqueIdentifier" MaxLength="0" Precision="255" Scale="255" LCID="-1" CodePage="0" IsNullable="false" StringCompareOptions="0" />
        <NullCount>0</NullCount>
      </ColumnNullRatioProfile>
      <ColumnNullRatioProfile ProfileRequestID="NullRatioReq" IsExact="true">
        <DataSourceID>{3DEF6342-1BA7-43B8-B686-595CEF69EFE5}</DataSourceID>
        <Table DataSource="DESKTOP-1ASOIN7" Database="AdventureWorks2017" Schema="Person" Table="BusinessEntity" RowCount="-1" />
        <Column Name="ModifiedDate" SqlDbType="DateTime" MaxLength="0" Precision="255" Scale="255" LCID="-1" CodePage="0" IsNullable="false" StringCompareOptions="0" />
        <NullCount>0</NullCount>
      </ColumnNullRatioProfile>
      <ColumnValueDistributionProfile IsExact="true" ProfileRequestID="ValueDistReq">
        <DataSourceID>{3DEF6342-1BA7-43B8-B686-595CEF69EFE5}</DataSourceID>
        <Table DataSource="DESKTOP-1ASOIN7" Database="AdventureWorks2017" Schema="Person" Table="BusinessEntity" RowCount="20777" />
        <Column Name="ModifiedDate" SqlDbType="DateTime" MaxLength="0" Precision="255" Scale="255" LCID="-1" CodePage="0" IsNullable="false" StringCompareOptions="0" />
        <NumberOfDistinctValues>20777</NumberOfDistinctValues>
      </ColumnValueDistributionProfile>
      <CandidateKeyProfile IsExact="true" ProfileRequestID="KeyReq">
        <DataSourceID>{3DEF6342-1BA7-43B8-B686-595CEF69EFE5}</DataSourceID>
        <Table DataSource="DESKTOP-1ASOIN7" Database="AdventureWorks2017" Schema="Person" Table="BusinessEntity" RowCount="20777" />
        <KeyColumns>
          <Column Name="ModifiedDate" SqlDbType="DateTime" MaxLength="0" Precision="255" Scale="255" LCID="-1" CodePage="0" IsNullable="false" StringCompareOptions="0" />
        </KeyColumns>
        <IsExactKey>true</IsExactKey>
      </CandidateKeyProfile>
      <ColumnValueDistributionProfile IsExact="true" ProfileRequestID="ValueDistReq">
        <DataSourceID>{3DEF6342-1BA7-43B8-B686-595CEF69EFE5}</DataSourceID>
        <Table DataSource="DESKTOP-1ASOIN7" Database="AdventureWorks2017" Schema="Person" Table="BusinessEntity" RowCount="20777" />
        <Column Name="BusinessEntityID" SqlDbType="Int" MaxLength="0" Precision="10" Scale="0" LCID="-1" CodePage="0" IsNullable="false" StringCompareOptions="0" />
        <NumberOfDistinctValues>20777</NumberOfDistinctValues>
      </ColumnValueDistributionProfile>
      <ColumnStatisticsProfile IsExact="true" ProfileRequestID="StatisticsReq">
        <DataSourceID>{3DEF6342-1BA7-43B8-B686-595CEF69EFE5}</DataSourceID>
        <Table DataSource="DESKTOP-1ASOIN7" Database="AdventureWorks2017" Schema="Person" Table="BusinessEntity" RowCount="20777" />
        <Column Name="BusinessEntityID" SqlDbType="Int" MaxLength="0" Precision="10" Scale="0" LCID="-1" CodePage="0" IsNullable="false" StringCompareOptions="0" />
        <MinValue>1</MinValue>
        <MaxValue>20777</MaxValue>
        <Mean>10389</Mean>
        <StdDev>5997.80326452944</StdDev>
      </ColumnStatisticsProfile>
      <ColumnStatisticsProfile IsExact="true" ProfileRequestID="StatisticsReq">
        <DataSourceID>{3DEF6342-1BA7-43B8-B686-595CEF69EFE5}</DataSourceID>
        <Table DataSource="DESKTOP-1ASOIN7" Database="AdventureWorks2017" Schema="Person" Table="BusinessEntity" RowCount="20777" />
        <Column Name="ModifiedDate" SqlDbType="DateTime" MaxLength="0" Precision="255" Scale="255" LCID="-1" CodePage="0" IsNullable="false" StringCompareOptions="0" />
        <MinValue>2017-12-13T13:20:24.1500000</MinValue>
        <MaxValue>2017-12-13T13:47:22.4670000</MaxValue>
      </ColumnStatisticsProfile>
      <FunctionalDependencyProfile IsExact="true" ProfileRequestID="">
        <DataSourceID>{3DEF6342-1BA7-43B8-B686-595CEF69EFE5}</DataSourceID>
        <Table DataSource="DESKTOP-1ASOIN7" Database="AdventureWorks2017" Schema="Person" Table="BusinessEntity" RowCount="20777" />
        <DeterminantColumns>
          <Column Name="BusinessEntityID" SqlDbType="Int" MaxLength="0" Precision="10" Scale="0" LCID="-1" CodePage="0" IsNullable="false" StringCompareOptions="0" />
        </DeterminantColumns>
        <DependentColumn Name="ModifiedDate" SqlDbType="DateTime" MaxLength="0" Precision="255" Scale="255" LCID="-1" CodePage="0" IsNullable="false" StringCompareOptions="0" />
        <IsExactFD>true</IsExactFD>
      </FunctionalDependencyProfile>
      <FunctionalDependencyProfile IsExact="true" ProfileRequestID="">
        <DataSourceID>{3DEF6342-1BA7-43B8-B686-595CEF69EFE5}</DataSourceID>
        <Table DataSource="DESKTOP-1ASOIN7" Database="AdventureWorks2017" Schema="Person" Table="BusinessEntity" RowCount="20777" />
        <DeterminantColumns>
          <Column Name="ModifiedDate" SqlDbType="DateTime" MaxLength="0" Precision="255" Scale="255" LCID="-1" CodePage="0" IsNullable="false" StringCompareOptions="0" />
        </DeterminantColumns>
        <DependentColumn Name="BusinessEntityID" SqlDbType="Int" MaxLength="0" Precision="10" Scale="0" LCID="-1" CodePage="0" IsNullable="false" StringCompareOptions="0" />
        <IsExactFD>true</IsExactFD>
      </FunctionalDependencyProfile>
    </Profiles>
  </DataProfileOutput>
</DataProfile>