<?xml version="1.0"?>
<DataProfile xmlns:xsd="http://www.w3.org/2001/XMLSchema" xmlns:xsi="http://www.w3.org/2001/XMLSchema-instance" xmlns="http://schemas.microsoft.com/sqlserver/2008/DataDebugger/">
  <ProfileVersion>1.0</ProfileVersion>
  <DataSources>
    <DtsDataSource ID="{F94C5AA9-6E58-4049-A02C-3A4D3DCFC71A}" Name="LocalHost.InsuranceDWH_New">
      <DtsConnectionManagerID>LocalHost.InsuranceDWH_New</DtsConnectionManagerID>
    </DtsDataSource>
    <DtsDataSource ID="{9A256668-B957-450B-BA9A-61C2518529BC}" Name="output.xml">
      <DtsConnectionManagerID>output.xml</DtsConnectionManagerID>
    </DtsDataSource>
    <DtsDataSource ID="{96663DD6-8DE1-405A-ACC5-C9538BB4939D}" Name="output.xml 1">
      <DtsConnectionManagerID>output.xml 1</DtsConnectionManagerID>
    </DtsDataSource>
  </DataSources>
  <DataProfileInput>
    <ProfileMode>Exact</ProfileMode>
    <Timeout>0</Timeout>
    <Requests>
      <CandidateKeyProfileRequest ID="KeyReq">
        <DataSourceID>{F94C5AA9-6E58-4049-A02C-3A4D3DCFC71A}</DataSourceID>
        <Table Schema="dbo" Table="dim_customer" />
        <KeyColumns>
          <Column IsWildCard="true" />
        </KeyColumns>
        <ThresholdSetting>Specified</ThresholdSetting>
        <KeyStrengthThreshold>0.95</KeyStrengthThreshold>
        <VerifyOutputInFastMode>false</VerifyOutputInFastMode>
        <MaxNumberOfViolations>100</MaxNumberOfViolations>
      </CandidateKeyProfileRequest>
      <ColumnLengthDistributionProfileRequest ID="LengthDistReq">
        <DataSourceID>{F94C5AA9-6E58-4049-A02C-3A4D3DCFC71A}</DataSourceID>
        <Table Schema="dbo" Table="dim_customer" />
        <Column IsWildCard="true" />
        <IgnoreLeadingSpace>false</IgnoreLeadingSpace>
        <IgnoreTrailingSpace>true</IgnoreTrailingSpace>
      </ColumnLengthDistributionProfileRequest>
      <ColumnNullRatioProfileRequest ID="NullRatioReq">
        <DataSourceID>{F94C5AA9-6E58-4049-A02C-3A4D3DCFC71A}</DataSourceID>
        <Table Schema="dbo" Table="dim_customer" />
        <Column IsWildCard="true" />
      </ColumnNullRatioProfileRequest>
      <ColumnPatternProfileRequest ID="PatternReq">
        <DataSourceID>{F94C5AA9-6E58-4049-A02C-3A4D3DCFC71A}</DataSourceID>
        <Table Schema="dbo" Table="dim_customer" />
        <Column IsWildCard="true" />
        <MaxNumberOfPatterns>10</MaxNumberOfPatterns>
        <PercentageDataCoverageDesired>95</PercentageDataCoverageDesired>
        <CaseSensitive>false</CaseSensitive>
        <Delimiters> \t\r\n</Delimiters>
        <Symbols>,.;:-"'`~=&amp;/\\@!?()&lt;&gt;[]{}|#*^%</Symbols>
        <TagTableName />
      </ColumnPatternProfileRequest>
      <ColumnStatisticsProfileRequest ID="StatisticsReq">
        <DataSourceID>{F94C5AA9-6E58-4049-A02C-3A4D3DCFC71A}</DataSourceID>
        <Table Schema="dbo" Table="dim_customer" />
        <Column IsWildCard="true" />
      </ColumnStatisticsProfileRequest>
      <ColumnValueDistributionProfileRequest ID="ValueDistReq">
        <DataSourceID>{F94C5AA9-6E58-4049-A02C-3A4D3DCFC71A}</DataSourceID>
        <Table Schema="dbo" Table="dim_customer" />
        <Column IsWildCard="true" />
        <Option>AllValues</Option>
        <FrequentValueThreshold>0.001</FrequentValueThreshold>
      </ColumnValueDistributionProfileRequest>
    </Requests>
  </DataProfileInput>
  <DataProfileOutput>
    <Profiles>
      <CandidateKeyProfile IsExact="true" ProfileRequestID="KeyReq">
        <DataSourceID>{F94C5AA9-6E58-4049-A02C-3A4D3DCFC71A}</DataSourceID>
        <Table DataSource="." Database="InsuranceDWH_New" Schema="dbo" Table="dim_customer" RowCount="-1" />
        <KeyColumns>
          <Column Name="customer_AccNo" SqlDbType="Int" MaxLength="0" Precision="10" Scale="0" LCID="-1" CodePage="0" IsNullable="false" StringCompareOptions="0" />
        </KeyColumns>
        <IsExactKey>true</IsExactKey>
      </CandidateKeyProfile>
      <ColumnNullRatioProfile ProfileRequestID="NullRatioReq" IsExact="true">
        <DataSourceID>{F94C5AA9-6E58-4049-A02C-3A4D3DCFC71A}</DataSourceID>
        <Table DataSource="." Database="InsuranceDWH_New" Schema="dbo" Table="dim_customer" RowCount="-1" />
        <Column Name="customer_AccNo" SqlDbType="Int" MaxLength="0" Precision="10" Scale="0" LCID="-1" CodePage="0" IsNullable="false" StringCompareOptions="0" />
        <NullCount>0</NullCount>
      </ColumnNullRatioProfile>
      <ColumnValueDistributionProfile IsExact="true" ProfileRequestID="ValueDistReq">
        <DataSourceID>{F94C5AA9-6E58-4049-A02C-3A4D3DCFC71A}</DataSourceID>
        <Table DataSource="." Database="InsuranceDWH_New" Schema="dbo" Table="dim_customer" RowCount="19" />
        <Column Name="first_name" SqlDbType="VarChar" MaxLength="20" Precision="255" Scale="255" LCID="1033" CodePage="0" IsNullable="true" StringCompareOptions="0" />
        <NumberOfDistinctValues>19</NumberOfDistinctValues>
        <ValueDistribution>
          <ValueDistributionItem>
            <Value>Ajay</Value>
            <Count>1</Count>
          </ValueDistributionItem>
          <ValueDistributionItem>
            <Value>Akshar</Value>
            <Count>1</Count>
          </ValueDistributionItem>
          <ValueDistributionItem>
            <Value>Akshay</Value>
            <Count>1</Count>
          </ValueDistributionItem>
          <ValueDistributionItem>
            <Value>Anmol</Value>
            <Count>1</Count>
          </ValueDistributionItem>
          <ValueDistributionItem>
            <Value>Anoop</Value>
            <Count>1</Count>
          </ValueDistributionItem>
          <ValueDistributionItem>
            <Value>Ashish</Value>
            <Count>1</Count>
          </ValueDistributionItem>
          <ValueDistributionItem>
            <Value>Dinesh</Value>
            <Count>1</Count>
          </ValueDistributionItem>
          <ValueDistributionItem>
            <Value>Gautami</Value>
            <Count>1</Count>
          </ValueDistributionItem>
          <ValueDistributionItem>
            <Value>kamal</Value>
            <Count>1</Count>
          </ValueDistributionItem>
          <ValueDistributionItem>
            <Value>Karun</Value>
            <Count>1</Count>
          </ValueDistributionItem>
          <ValueDistributionItem>
            <Value>Kunal</Value>
            <Count>1</Count>
          </ValueDistributionItem>
          <ValueDistributionItem>
            <Value>Mahesh</Value>
            <Count>1</Count>
          </ValueDistributionItem>
          <ValueDistributionItem>
            <Value>Sarthak</Value>
            <Count>1</Count>
          </ValueDistributionItem>
          <ValueDistributionItem>
            <Value>Shaunak</Value>
            <Count>1</Count>
          </ValueDistributionItem>
          <ValueDistributionItem>
            <Value>Suresh</Value>
            <Count>1</Count>
          </ValueDistributionItem>
          <ValueDistributionItem>
            <Value>Vinay</Value>
            <Count>1</Count>
          </ValueDistributionItem>
          <ValueDistributionItem>
            <Value>Vinayak</Value>
            <Count>1</Count>
          </ValueDistributionItem>
          <ValueDistributionItem>
            <Value>Viraj</Value>
            <Count>1</Count>
          </ValueDistributionItem>
          <ValueDistributionItem>
            <Value>Vishal</Value>
            <Count>1</Count>
          </ValueDistributionItem>
        </ValueDistribution>
      </ColumnValueDistributionProfile>
      <CandidateKeyProfile IsExact="true" ProfileRequestID="KeyReq">
        <DataSourceID>{F94C5AA9-6E58-4049-A02C-3A4D3DCFC71A}</DataSourceID>
        <Table DataSource="." Database="InsuranceDWH_New" Schema="dbo" Table="dim_customer" RowCount="19" />
        <KeyColumns>
          <Column Name="first_name" SqlDbType="VarChar" MaxLength="20" Precision="255" Scale="255" LCID="1033" CodePage="0" IsNullable="true" StringCompareOptions="0" />
        </KeyColumns>
        <IsExactKey>true</IsExactKey>
      </CandidateKeyProfile>
      <ColumnValueDistributionProfile IsExact="true" ProfileRequestID="ValueDistReq">
        <DataSourceID>{F94C5AA9-6E58-4049-A02C-3A4D3DCFC71A}</DataSourceID>
        <Table DataSource="." Database="InsuranceDWH_New" Schema="dbo" Table="dim_customer" RowCount="19" />
        <Column Name="last_name" SqlDbType="VarChar" MaxLength="20" Precision="255" Scale="255" LCID="1033" CodePage="0" IsNullable="true" StringCompareOptions="0" />
        <NumberOfDistinctValues>18</NumberOfDistinctValues>
        <ValueDistribution>
          <ValueDistributionItem>
            <Value>Agarwal</Value>
            <Count>1</Count>
          </ValueDistributionItem>
          <ValueDistributionItem>
            <Value>Dhotre</Value>
            <Count>1</Count>
          </ValueDistributionItem>
          <ValueDistributionItem>
            <Value>hassan</Value>
            <Count>1</Count>
          </ValueDistributionItem>
          <ValueDistributionItem>
            <Value>Kamat</Value>
            <Count>1</Count>
          </ValueDistributionItem>
          <ValueDistributionItem>
            <Value>Kamra</Value>
            <Count>1</Count>
          </ValueDistributionItem>
          <ValueDistributionItem>
            <Value>Karpe</Value>
            <Count>1</Count>
          </ValueDistributionItem>
          <ValueDistributionItem>
            <Value>Kumar</Value>
            <Count>1</Count>
          </ValueDistributionItem>
          <ValueDistributionItem>
            <Value>Mahtre</Value>
            <Count>1</Count>
          </ValueDistributionItem>
          <ValueDistributionItem>
            <Value>Mayekar</Value>
            <Count>1</Count>
          </ValueDistributionItem>
          <ValueDistributionItem>
            <Value>Nadkarni</Value>
            <Count>1</Count>
          </ValueDistributionItem>
          <ValueDistributionItem>
            <Value>Naik</Value>
            <Count>2</Count>
          </ValueDistributionItem>
          <ValueDistributionItem>
            <Value>Nair</Value>
            <Count>1</Count>
          </ValueDistributionItem>
          <ValueDistributionItem>
            <Value>Nehra</Value>
            <Count>1</Count>
          </ValueDistributionItem>
          <ValueDistributionItem>
            <Value>Patel</Value>
            <Count>1</Count>
          </ValueDistributionItem>
          <ValueDistributionItem>
            <Value>Singh</Value>
            <Count>1</Count>
          </ValueDistributionItem>
          <ValueDistributionItem>
            <Value>Sinha</Value>
            <Count>1</Count>
          </ValueDistributionItem>
          <ValueDistributionItem>
            <Value>Thite</Value>
            <Count>1</Count>
          </ValueDistributionItem>
          <ValueDistributionItem>
            <Value>Tripathi</Value>
            <Count>1</Count>
          </ValueDistributionItem>
        </ValueDistribution>
      </ColumnValueDistributionProfile>
      <ColumnValueDistributionProfile IsExact="true" ProfileRequestID="ValueDistReq">
        <DataSourceID>{F94C5AA9-6E58-4049-A02C-3A4D3DCFC71A}</DataSourceID>
        <Table DataSource="." Database="InsuranceDWH_New" Schema="dbo" Table="dim_customer" RowCount="19" />
        <Column Name="age" SqlDbType="Int" MaxLength="0" Precision="10" Scale="0" LCID="-1" CodePage="0" IsNullable="true" StringCompareOptions="0" />
        <NumberOfDistinctValues>17</NumberOfDistinctValues>
        <ValueDistribution>
          <ValueDistributionItem>
            <Value>20</Value>
            <Count>1</Count>
          </ValueDistributionItem>
          <ValueDistributionItem>
            <Value>21</Value>
            <Count>1</Count>
          </ValueDistributionItem>
          <ValueDistributionItem>
            <Value>23</Value>
            <Count>2</Count>
          </ValueDistributionItem>
          <ValueDistributionItem>
            <Value>27</Value>
            <Count>1</Count>
          </ValueDistributionItem>
          <ValueDistributionItem>
            <Value>28</Value>
            <Count>1</Count>
          </ValueDistributionItem>
          <ValueDistributionItem>
            <Value>29</Value>
            <Count>1</Count>
          </ValueDistributionItem>
          <ValueDistributionItem>
            <Value>34</Value>
            <Count>1</Count>
          </ValueDistributionItem>
          <ValueDistributionItem>
            <Value>35</Value>
            <Count>1</Count>
          </ValueDistributionItem>
          <ValueDistributionItem>
            <Value>39</Value>
            <Count>1</Count>
          </ValueDistributionItem>
          <ValueDistributionItem>
            <Value>40</Value>
            <Count>1</Count>
          </ValueDistributionItem>
          <ValueDistributionItem>
            <Value>45</Value>
            <Count>1</Count>
          </ValueDistributionItem>
          <ValueDistributionItem>
            <Value>54</Value>
            <Count>1</Count>
          </ValueDistributionItem>
          <ValueDistributionItem>
            <Value>56</Value>
            <Count>2</Count>
          </ValueDistributionItem>
          <ValueDistributionItem>
            <Value>58</Value>
            <Count>1</Count>
          </ValueDistributionItem>
          <ValueDistributionItem>
            <Value>59</Value>
            <Count>1</Count>
          </ValueDistributionItem>
          <ValueDistributionItem>
            <Value>67</Value>
            <Count>1</Count>
          </ValueDistributionItem>
          <ValueDistributionItem>
            <Value>69</Value>
            <Count>1</Count>
          </ValueDistributionItem>
        </ValueDistribution>
      </ColumnValueDistributionProfile>
      <ColumnValueDistributionProfile IsExact="true" ProfileRequestID="ValueDistReq">
        <DataSourceID>{F94C5AA9-6E58-4049-A02C-3A4D3DCFC71A}</DataSourceID>
        <Table DataSource="." Database="InsuranceDWH_New" Schema="dbo" Table="dim_customer" RowCount="19" />
        <Column Name="address" SqlDbType="VarChar" MaxLength="50" Precision="255" Scale="255" LCID="1033" CodePage="0" IsNullable="true" StringCompareOptions="0" />
        <NumberOfDistinctValues>14</NumberOfDistinctValues>
        <ValueDistribution>
          <ValueDistributionItem>
            <Value>Churchgate</Value>
            <Count>2</Count>
          </ValueDistributionItem>
          <ValueDistributionItem>
            <Value>Diva</Value>
            <Count>1</Count>
          </ValueDistributionItem>
          <ValueDistributionItem>
            <Value>Gurgaon</Value>
            <Count>1</Count>
          </ValueDistributionItem>
          <ValueDistributionItem>
            <Value>Kalwa</Value>
            <Count>1</Count>
          </ValueDistributionItem>
          <ValueDistributionItem>
            <Value>Lucknow</Value>
            <Count>2</Count>
          </ValueDistributionItem>
          <ValueDistributionItem>
            <Value>Magarpatta</Value>
            <Count>1</Count>
          </ValueDistributionItem>
          <ValueDistributionItem>
            <Value>Mumbra</Value>
            <Count>1</Count>
          </ValueDistributionItem>
          <ValueDistributionItem>
            <Value>Panvel</Value>
            <Count>2</Count>
          </ValueDistributionItem>
          <ValueDistributionItem>
            <Value>Patna</Value>
            <Count>2</Count>
          </ValueDistributionItem>
          <ValueDistributionItem>
            <Value>Pune</Value>
            <Count>1</Count>
          </ValueDistributionItem>
          <ValueDistributionItem>
            <Value>Thane</Value>
            <Count>1</Count>
          </ValueDistributionItem>
          <ValueDistributionItem>
            <Value>Vasai</Value>
            <Count>1</Count>
          </ValueDistributionItem>
          <ValueDistributionItem>
            <Value>Virar</Value>
            <Count>1</Count>
          </ValueDistributionItem>
          <ValueDistributionItem>
            <Value>Vizag</Value>
            <Count>2</Count>
          </ValueDistributionItem>
        </ValueDistribution>
      </ColumnValueDistributionProfile>
      <ColumnValueDistributionProfile IsExact="true" ProfileRequestID="ValueDistReq">
        <DataSourceID>{F94C5AA9-6E58-4049-A02C-3A4D3DCFC71A}</DataSourceID>
        <Table DataSource="." Database="InsuranceDWH_New" Schema="dbo" Table="dim_customer" RowCount="19" />
        <Column Name="customer_AccNo" SqlDbType="Int" MaxLength="0" Precision="10" Scale="0" LCID="-1" CodePage="0" IsNullable="false" StringCompareOptions="0" />
        <NumberOfDistinctValues>19</NumberOfDistinctValues>
        <ValueDistribution>
          <ValueDistributionItem>
            <Value>10200</Value>
            <Count>1</Count>
          </ValueDistributionItem>
          <ValueDistributionItem>
            <Value>10201</Value>
            <Count>1</Count>
          </ValueDistributionItem>
          <ValueDistributionItem>
            <Value>10202</Value>
            <Count>1</Count>
          </ValueDistributionItem>
          <ValueDistributionItem>
            <Value>10203</Value>
            <Count>1</Count>
          </ValueDistributionItem>
          <ValueDistributionItem>
            <Value>10204</Value>
            <Count>1</Count>
          </ValueDistributionItem>
          <ValueDistributionItem>
            <Value>10205</Value>
            <Count>1</Count>
          </ValueDistributionItem>
          <ValueDistributionItem>
            <Value>10206</Value>
            <Count>1</Count>
          </ValueDistributionItem>
          <ValueDistributionItem>
            <Value>10207</Value>
            <Count>1</Count>
          </ValueDistributionItem>
          <ValueDistributionItem>
            <Value>10208</Value>
            <Count>1</Count>
          </ValueDistributionItem>
          <ValueDistributionItem>
            <Value>10209</Value>
            <Count>1</Count>
          </ValueDistributionItem>
          <ValueDistributionItem>
            <Value>10210</Value>
            <Count>1</Count>
          </ValueDistributionItem>
          <ValueDistributionItem>
            <Value>10211</Value>
            <Count>1</Count>
          </ValueDistributionItem>
          <ValueDistributionItem>
            <Value>10212</Value>
            <Count>1</Count>
          </ValueDistributionItem>
          <ValueDistributionItem>
            <Value>10213</Value>
            <Count>1</Count>
          </ValueDistributionItem>
          <ValueDistributionItem>
            <Value>10214</Value>
            <Count>1</Count>
          </ValueDistributionItem>
          <ValueDistributionItem>
            <Value>10215</Value>
            <Count>1</Count>
          </ValueDistributionItem>
          <ValueDistributionItem>
            <Value>10216</Value>
            <Count>1</Count>
          </ValueDistributionItem>
          <ValueDistributionItem>
            <Value>10217</Value>
            <Count>1</Count>
          </ValueDistributionItem>
          <ValueDistributionItem>
            <Value>10218</Value>
            <Count>1</Count>
          </ValueDistributionItem>
        </ValueDistribution>
      </ColumnValueDistributionProfile>
      <ColumnLengthDistributionProfile ProfileRequestID="LengthDistReq" IsExact="true">
        <DataSourceID>{F94C5AA9-6E58-4049-A02C-3A4D3DCFC71A}</DataSourceID>
        <Table DataSource="." Database="InsuranceDWH_New" Schema="dbo" Table="dim_customer" RowCount="19" />
        <Column Name="first_name" SqlDbType="VarChar" MaxLength="20" Precision="255" Scale="255" LCID="1033" CodePage="0" IsNullable="true" StringCompareOptions="0" />
        <IgnoreLeadingSpace>false</IgnoreLeadingSpace>
        <IgnoreTrailingSpace>true</IgnoreTrailingSpace>
        <MinLength>4</MinLength>
        <MaxLength>7</MaxLength>
        <LengthDistribution>
          <LengthDistributionItem>
            <Length>4</Length>
            <Count>1</Count>
          </LengthDistributionItem>
          <LengthDistributionItem>
            <Length>5</Length>
            <Count>7</Count>
          </LengthDistributionItem>
          <LengthDistributionItem>
            <Length>6</Length>
            <Count>7</Count>
          </LengthDistributionItem>
          <LengthDistributionItem>
            <Length>7</Length>
            <Count>4</Count>
          </LengthDistributionItem>
        </LengthDistribution>
      </ColumnLengthDistributionProfile>
      <ColumnLengthDistributionProfile ProfileRequestID="LengthDistReq" IsExact="true">
        <DataSourceID>{F94C5AA9-6E58-4049-A02C-3A4D3DCFC71A}</DataSourceID>
        <Table DataSource="." Database="InsuranceDWH_New" Schema="dbo" Table="dim_customer" RowCount="19" />
        <Column Name="last_name" SqlDbType="VarChar" MaxLength="20" Precision="255" Scale="255" LCID="1033" CodePage="0" IsNullable="true" StringCompareOptions="0" />
        <IgnoreLeadingSpace>false</IgnoreLeadingSpace>
        <IgnoreTrailingSpace>true</IgnoreTrailingSpace>
        <MinLength>4</MinLength>
        <MaxLength>8</MaxLength>
        <LengthDistribution>
          <LengthDistributionItem>
            <Length>4</Length>
            <Count>3</Count>
          </LengthDistributionItem>
          <LengthDistributionItem>
            <Length>5</Length>
            <Count>9</Count>
          </LengthDistributionItem>
          <LengthDistributionItem>
            <Length>6</Length>
            <Count>3</Count>
          </LengthDistributionItem>
          <LengthDistributionItem>
            <Length>7</Length>
            <Count>2</Count>
          </LengthDistributionItem>
          <LengthDistributionItem>
            <Length>8</Length>
            <Count>2</Count>
          </LengthDistributionItem>
        </LengthDistribution>
      </ColumnLengthDistributionProfile>
      <ColumnLengthDistributionProfile ProfileRequestID="LengthDistReq" IsExact="true">
        <DataSourceID>{F94C5AA9-6E58-4049-A02C-3A4D3DCFC71A}</DataSourceID>
        <Table DataSource="." Database="InsuranceDWH_New" Schema="dbo" Table="dim_customer" RowCount="19" />
        <Column Name="address" SqlDbType="VarChar" MaxLength="50" Precision="255" Scale="255" LCID="1033" CodePage="0" IsNullable="true" StringCompareOptions="0" />
        <IgnoreLeadingSpace>false</IgnoreLeadingSpace>
        <IgnoreTrailingSpace>true</IgnoreTrailingSpace>
        <MinLength>4</MinLength>
        <MaxLength>10</MaxLength>
        <LengthDistribution>
          <LengthDistributionItem>
            <Length>4</Length>
            <Count>2</Count>
          </LengthDistributionItem>
          <LengthDistributionItem>
            <Length>5</Length>
            <Count>8</Count>
          </LengthDistributionItem>
          <LengthDistributionItem>
            <Length>6</Length>
            <Count>3</Count>
          </LengthDistributionItem>
          <LengthDistributionItem>
            <Length>7</Length>
            <Count>3</Count>
          </LengthDistributionItem>
          <LengthDistributionItem>
            <Length>10</Length>
            <Count>3</Count>
          </LengthDistributionItem>
        </LengthDistribution>
      </ColumnLengthDistributionProfile>
      <ColumnNullRatioProfile ProfileRequestID="NullRatioReq" IsExact="true">
        <DataSourceID>{F94C5AA9-6E58-4049-A02C-3A4D3DCFC71A}</DataSourceID>
        <Table DataSource="." Database="InsuranceDWH_New" Schema="dbo" Table="dim_customer" RowCount="19" />
        <Column Name="first_name" SqlDbType="VarChar" MaxLength="20" Precision="255" Scale="255" LCID="1033" CodePage="0" IsNullable="true" StringCompareOptions="0" />
        <NullCount>0</NullCount>
      </ColumnNullRatioProfile>
      <ColumnNullRatioProfile ProfileRequestID="NullRatioReq" IsExact="true">
        <DataSourceID>{F94C5AA9-6E58-4049-A02C-3A4D3DCFC71A}</DataSourceID>
        <Table DataSource="." Database="InsuranceDWH_New" Schema="dbo" Table="dim_customer" RowCount="19" />
        <Column Name="last_name" SqlDbType="VarChar" MaxLength="20" Precision="255" Scale="255" LCID="1033" CodePage="0" IsNullable="true" StringCompareOptions="0" />
        <NullCount>0</NullCount>
      </ColumnNullRatioProfile>
      <ColumnNullRatioProfile ProfileRequestID="NullRatioReq" IsExact="true">
        <DataSourceID>{F94C5AA9-6E58-4049-A02C-3A4D3DCFC71A}</DataSourceID>
        <Table DataSource="." Database="InsuranceDWH_New" Schema="dbo" Table="dim_customer" RowCount="19" />
        <Column Name="age" SqlDbType="Int" MaxLength="0" Precision="10" Scale="0" LCID="-1" CodePage="0" IsNullable="true" StringCompareOptions="0" />
        <NullCount>0</NullCount>
      </ColumnNullRatioProfile>
      <ColumnNullRatioProfile ProfileRequestID="NullRatioReq" IsExact="true">
        <DataSourceID>{F94C5AA9-6E58-4049-A02C-3A4D3DCFC71A}</DataSourceID>
        <Table DataSource="." Database="InsuranceDWH_New" Schema="dbo" Table="dim_customer" RowCount="19" />
        <Column Name="address" SqlDbType="VarChar" MaxLength="50" Precision="255" Scale="255" LCID="1033" CodePage="0" IsNullable="true" StringCompareOptions="0" />
        <NullCount>0</NullCount>
      </ColumnNullRatioProfile>
      <ColumnStatisticsProfile IsExact="true" ProfileRequestID="StatisticsReq">
        <DataSourceID>{F94C5AA9-6E58-4049-A02C-3A4D3DCFC71A}</DataSourceID>
        <Table DataSource="." Database="InsuranceDWH_New" Schema="dbo" Table="dim_customer" RowCount="19" />
        <Column Name="customer_AccNo" SqlDbType="Int" MaxLength="0" Precision="10" Scale="0" LCID="-1" CodePage="0" IsNullable="false" StringCompareOptions="0" />
        <MinValue>10200</MinValue>
        <MaxValue>10218</MaxValue>
        <Mean>10209</Mean>
        <StdDev>5.47722557505166</StdDev>
      </ColumnStatisticsProfile>
      <ColumnStatisticsProfile IsExact="true" ProfileRequestID="StatisticsReq">
        <DataSourceID>{F94C5AA9-6E58-4049-A02C-3A4D3DCFC71A}</DataSourceID>
        <Table DataSource="." Database="InsuranceDWH_New" Schema="dbo" Table="dim_customer" RowCount="19" />
        <Column Name="age" SqlDbType="Int" MaxLength="0" Precision="10" Scale="0" LCID="-1" CodePage="0" IsNullable="true" StringCompareOptions="0" />
        <MinValue>20</MinValue>
        <MaxValue>69</MaxValue>
        <Mean>41.2105263157895</Mean>
        <StdDev>15.8863693555809</StdDev>
      </ColumnStatisticsProfile>
      <ColumnPatternProfile ProfileRequestID="PatternReq" IsExact="true">
        <DataSourceID>{F94C5AA9-6E58-4049-A02C-3A4D3DCFC71A}</DataSourceID>
        <Table DataSource="." Database="InsuranceDWH_New" Schema="dbo" Table="dim_customer" RowCount="19" />
        <Column Name="first_name" SqlDbType="VarChar" MaxLength="20" Precision="255" Scale="255" LCID="1033" CodePage="0" IsNullable="true" StringCompareOptions="0" />
        <TopRegexPatterns>
          <PatternDistributionItem>
            <RegexText>\p{L}+</RegexText>
            <Frequency>100</Frequency>
          </PatternDistributionItem>
        </TopRegexPatterns>
      </ColumnPatternProfile>
      <ColumnPatternProfile ProfileRequestID="PatternReq" IsExact="true">
        <DataSourceID>{F94C5AA9-6E58-4049-A02C-3A4D3DCFC71A}</DataSourceID>
        <Table DataSource="." Database="InsuranceDWH_New" Schema="dbo" Table="dim_customer" RowCount="19" />
        <Column Name="last_name" SqlDbType="VarChar" MaxLength="20" Precision="255" Scale="255" LCID="1033" CodePage="0" IsNullable="true" StringCompareOptions="0" />
        <TopRegexPatterns>
          <PatternDistributionItem>
            <RegexText>NAIK</RegexText>
            <Frequency>11</Frequency>
          </PatternDistributionItem>
          <PatternDistributionItem>
            <RegexText>\p{L}+</RegexText>
            <Frequency>89</Frequency>
          </PatternDistributionItem>
        </TopRegexPatterns>
      </ColumnPatternProfile>
      <ColumnPatternProfile ProfileRequestID="PatternReq" IsExact="true">
        <DataSourceID>{F94C5AA9-6E58-4049-A02C-3A4D3DCFC71A}</DataSourceID>
        <Table DataSource="." Database="InsuranceDWH_New" Schema="dbo" Table="dim_customer" RowCount="19" />
        <Column Name="address" SqlDbType="VarChar" MaxLength="50" Precision="255" Scale="255" LCID="1033" CodePage="0" IsNullable="true" StringCompareOptions="0" />
        <TopRegexPatterns>
          <PatternDistributionItem>
            <RegexText>CHURCHGATE</RegexText>
            <Frequency>11</Frequency>
          </PatternDistributionItem>
          <PatternDistributionItem>
            <RegexText>LUCKNOW</RegexText>
            <Frequency>11</Frequency>
          </PatternDistributionItem>
          <PatternDistributionItem>
            <RegexText>PANVEL</RegexText>
            <Frequency>11</Frequency>
          </PatternDistributionItem>
          <PatternDistributionItem>
            <RegexText>PATNA</RegexText>
            <Frequency>11</Frequency>
          </PatternDistributionItem>
          <PatternDistributionItem>
            <RegexText>VIZAG</RegexText>
            <Frequency>11</Frequency>
          </PatternDistributionItem>
          <PatternDistributionItem>
            <RegexText>MAGARPATTA</RegexText>
            <Frequency>5</Frequency>
          </PatternDistributionItem>
          <PatternDistributionItem>
            <RegexText>GURGAON</RegexText>
            <Frequency>5</Frequency>
          </PatternDistributionItem>
          <PatternDistributionItem>
            <RegexText>MUMBRA</RegexText>
            <Frequency>5</Frequency>
          </PatternDistributionItem>
          <PatternDistributionItem>
            <RegexText>VASAI</RegexText>
            <Frequency>5</Frequency>
          </PatternDistributionItem>
          <PatternDistributionItem>
            <RegexText>.*</RegexText>
            <Frequency>26</Frequency>
          </PatternDistributionItem>
        </TopRegexPatterns>
      </ColumnPatternProfile>
    </Profiles>
  </DataProfileOutput>
</DataProfile>